"variable","iso3c","year","value","indicator_sdg"
"EG.ELC.ACCS.ZS","UMC",2015,99,"7.1.1"
"EG.ELC.ACCS.ZS","UMC",2016,99,"7.1.1"
"EG.ELC.ACCS.ZS","NAC",2010,100,"7.1.1"
"EG.ELC.ACCS.ZS","LIC",2010,26.4,"7.1.1"
"EG.ELC.ACCS.ZS","UMC",2017,99.2,"7.1.1"
"EG.ELC.ACCS.ZS","NAC",2011,100,"7.1.1"
"EG.ELC.ACCS.ZS","LIC",2011,27.7,"7.1.1"
"EG.ELC.ACCS.ZS","UMC",2018,99.2,"7.1.1"
"EG.ELC.ACCS.ZS","NAC",2012,100,"7.1.1"
"EG.ELC.ACCS.ZS","LIC",2012,30.1,"7.1.1"
"EG.ELC.ACCS.ZS","UMC",2019,99.3,"7.1.1"
"EG.ELC.ACCS.ZS","NAC",2013,100,"7.1.1"
"EG.ELC.ACCS.ZS","LIC",2013,31.1,"7.1.1"
"EG.ELC.ACCS.ZS","UMC",2020,99.2,"7.1.1"
"EG.ELC.ACCS.ZS","NAC",2014,100,"7.1.1"
"EG.ELC.ACCS.ZS","LIC",2014,33.5,"7.1.1"
"EG.ELC.ACCS.ZS","UMC",2021,99.4,"7.1.1"
"EG.ELC.ACCS.ZS","NAC",2015,100,"7.1.1"
"EG.ELC.ACCS.ZS","LIC",2015,33.1,"7.1.1"
"EG.ELC.ACCS.ZS","UMC",2022,99.5,"7.1.1"
"EG.ELC.ACCS.ZS","NAC",2016,100,"7.1.1"
"EG.ELC.ACCS.ZS","LIC",2016,36.4,"7.1.1"
"EG.ELC.ACCS.ZS","UMC",2023,99.4,"7.1.1"
"EG.ELC.ACCS.ZS","NAC",2017,100,"7.1.1"
"EG.ELC.ACCS.ZS","LIC",2017,38.2,"7.1.1"
"EG.ELC.ACCS.ZS","UMC",2024,,"7.1.1"
"EG.ELC.ACCS.ZS","NAC",2018,100,"7.1.1"
"EG.ELC.ACCS.ZS","LIC",2018,39.7,"7.1.1"
"EG.ELC.ACCS.ZS","UMC",2025,,"7.1.1"
"EG.ELC.ACCS.ZS","NAC",2019,100,"7.1.1"
"EG.ELC.ACCS.ZS","LIC",2019,40.7,"7.1.1"
"EG.ELC.ACCS.ZS","NAC",2020,100,"7.1.1"
"EG.ELC.ACCS.ZS","LIC",2020,41.7,"7.1.1"
"EG.ELC.ACCS.ZS","NAC",2021,100,"7.1.1"
"EG.ELC.ACCS.ZS","LIC",2021,43,"7.1.1"
"EG.ELC.ACCS.ZS","NAC",2022,100,"7.1.1"
"EG.ELC.ACCS.ZS","LIC",2022,43,"7.1.1"
"EG.ELC.ACCS.ZS","NAC",2023,100,"7.1.1"
"EG.ELC.ACCS.ZS","LIC",2023,45.3,"7.1.1"
"EG.ELC.ACCS.ZS","NAC",2024,,"7.1.1"
"EG.ELC.ACCS.ZS","LIC",2024,,"7.1.1"
"EG.ELC.ACCS.ZS","NAC",2025,,"7.1.1"
"EG.ELC.ACCS.ZS","LIC",2025,,"7.1.1"
"EG.ELC.ACCS.ZS","LCN",2010,95.9,"7.1.1"
"EG.ELC.ACCS.ZS","WLD",2010,83.4,"7.1.1"
"EG.ELC.ACCS.ZS","LCN",2011,96.2,"7.1.1"
"EG.ELC.ACCS.ZS","WLD",2011,84.5,"7.1.1"
"EG.ELC.ACCS.ZS","LCN",2012,96.6,"7.1.1"
"EG.ELC.ACCS.ZS","WLD",2012,84.9,"7.1.1"
"EG.ELC.ACCS.ZS","LCN",2013,96.9,"7.1.1"
"EG.ELC.ACCS.ZS","WLD",2013,85.7,"7.1.1"
"EG.ELC.ACCS.ZS","LCN",2014,97.1,"7.1.1"
"EG.ELC.ACCS.ZS","WLD",2014,86.2,"7.1.1"
"EG.ELC.ACCS.ZS","LCN",2015,97.3,"7.1.1"
"EG.ELC.ACCS.ZS","WLD",2015,86.9,"7.1.1"
"EG.ELC.ACCS.ZS","LCN",2016,97.5,"7.1.1"
"EG.ELC.ACCS.ZS","WLD",2016,88.1,"7.1.1"
"EG.ELC.ACCS.ZS","LCN",2017,97.7,"7.1.1"
"EG.ELC.ACCS.ZS","WLD",2017,88.9,"7.1.1"
"EG.ELC.ACCS.ZS","LCN",2018,97.8,"7.1.1"
"EG.ELC.ACCS.ZS","WLD",2018,89.8,"7.1.1"
"EG.ELC.ACCS.ZS","EAS",2012,96.2,"7.1.1"
"EG.ELC.ACCS.ZS","LCN",2019,98,"7.1.1"
"EG.ELC.ACCS.ZS","WLD",2019,90.1,"7.1.1"
"EG.ELC.ACCS.ZS","EAS",2013,96.5,"7.1.1"
"EG.ELC.ACCS.ZS","LCN",2020,98.1,"7.1.1"
"EG.ELC.ACCS.ZS","WLD",2020,90.4,"7.1.1"
"EG.ELC.ACCS.ZS","EAS",2014,96.6,"7.1.1"
"EG.ELC.ACCS.ZS","LCN",2021,98.3,"7.1.1"
"EG.ELC.ACCS.ZS","WLD",2021,91.3,"7.1.1"
"EG.ELC.ACCS.ZS","EAS",2015,97,"7.1.1"
"EG.ELC.ACCS.ZS","LCN",2022,98.6,"7.1.1"
"EG.ELC.ACCS.ZS","WLD",2022,91.3,"7.1.1"
"EG.ELC.ACCS.ZS","EAS",2016,97,"7.1.1"
"EG.ELC.ACCS.ZS","LCN",2023,98.4,"7.1.1"
"EG.ELC.ACCS.ZS","WLD",2023,91.6,"7.1.1"
"EG.ELC.ACCS.ZS","EAS",2017,97.7,"7.1.1"
"EG.ELC.ACCS.ZS","LCN",2024,,"7.1.1"
"EG.ELC.ACCS.ZS","WLD",2024,,"7.1.1"
"EG.ELC.ACCS.ZS","EAS",2018,97.7,"7.1.1"
"EG.ELC.ACCS.ZS","LCN",2025,,"7.1.1"
"EG.ELC.ACCS.ZS","WLD",2025,,"7.1.1"
"EG.ELC.ACCS.ZS","EAS",2019,97.9,"7.1.1"
"EG.ELC.ACCS.ZS","EAS",2020,97.8,"7.1.1"
"EG.ELC.ACCS.ZS","EAS",2021,98.2,"7.1.1"
"EG.ELC.ACCS.ZS","EAS",2022,98.2,"7.1.1"
"EG.ELC.ACCS.ZS","EAS",2023,98.4,"7.1.1"
"EG.ELC.ACCS.ZS","EAS",2024,,"7.1.1"
"EG.ELC.ACCS.ZS","EAS",2025,,"7.1.1"
"EG.ELC.ACCS.ZS","EAS",2010,95.5,"7.1.1"
"EG.ELC.ACCS.ZS","SAS",2010,74.1,"7.1.1"
"EG.ELC.ACCS.ZS","LMC",2010,71.7,"7.1.1"
"EG.ELC.ACCS.ZS","EAS",2011,96,"7.1.1"
"EG.ELC.ACCS.ZS","SAS",2011,77.3,"7.1.1"
"EG.ELC.ACCS.ZS","LMC",2011,74.6,"7.1.1"
"EG.ELC.ACCS.ZS","SAS",2012,78.4,"7.1.1"
"EG.ELC.ACCS.ZS","LMC",2012,75.2,"7.1.1"
"EG.ELC.ACCS.ZS","SAS",2013,80.8,"7.1.1"
"EG.ELC.ACCS.ZS","LMC",2013,77.1,"7.1.1"
"EG.ELC.ACCS.ZS","SAS",2014,82.8,"7.1.1"
"EG.ELC.ACCS.ZS","LMC",2014,78.3,"7.1.1"
"EG.ELC.ACCS.ZS","SAS",2015,86.5,"7.1.1"
"EG.ELC.ACCS.ZS","LMC",2015,80.7,"7.1.1"
"EG.ELC.ACCS.ZS","SAS",2016,88.3,"7.1.1"
"EG.ELC.ACCS.ZS","LMC",2016,82.7,"7.1.1"
"EG.ELC.ACCS.ZS","SAS",2017,91.4,"7.1.1"
"EG.ELC.ACCS.ZS","LMC",2017,84.7,"7.1.1"
"EG.ELC.ACCS.ZS","SAS",2018,94.8,"7.1.1"
"EG.ELC.ACCS.ZS","LMC",2018,86.9,"7.1.1"
"EG.ELC.ACCS.ZS","SAS",2019,95.5,"7.1.1"
"EG.ELC.ACCS.ZS","LMC",2019,87.6,"7.1.1"
"EG.ELC.ACCS.ZS","SAS",2020,96.4,"7.1.1"
"EG.ELC.ACCS.ZS","LMC",2020,88.4,"7.1.1"
"EG.ELC.ACCS.ZS","SAS",2021,99.4,"7.1.1"
"EG.ELC.ACCS.ZS","LMC",2021,90.6,"7.1.1"
"EG.ELC.ACCS.ZS","SAS",2022,99.1,"7.1.1"
"EG.ELC.ACCS.ZS","LMC",2022,90.6,"7.1.1"
"EG.ELC.ACCS.ZS","SAS",2023,99.4,"7.1.1"
"EG.ELC.ACCS.ZS","LMC",2023,91.3,"7.1.1"
"EG.ELC.ACCS.ZS","SAS",2024,,"7.1.1"
"EG.ELC.ACCS.ZS","LMC",2024,,"7.1.1"
"EG.ELC.ACCS.ZS","SAS",2025,,"7.1.1"
"EG.ELC.ACCS.ZS","LMC",2025,,"7.1.1"
"EG.ELC.ACCS.ZS","MEA",2022,95.9,"7.1.1"
"EG.ELC.ACCS.ZS","MEA",2023,96.4,"7.1.1"
"EG.ELC.ACCS.ZS","MEA",2024,,"7.1.1"
"EG.ELC.ACCS.ZS","MEA",2025,,"7.1.1"
"EG.ELC.ACCS.ZS","MEA",2010,90.6,"7.1.1"
"EG.ELC.ACCS.ZS","HIC",2010,99.8,"7.1.1"
"EG.ELC.ACCS.ZS","MEA",2011,90.8,"7.1.1"
"EG.ELC.ACCS.ZS","HIC",2011,99.8,"7.1.1"
"EG.ELC.ACCS.ZS","MEA",2012,91.9,"7.1.1"
"EG.ELC.ACCS.ZS","HIC",2012,99.9,"7.1.1"
"EG.ELC.ACCS.ZS","MEA",2013,93.1,"7.1.1"
"EG.ELC.ACCS.ZS","HIC",2013,99.9,"7.1.1"
"EG.ELC.ACCS.ZS","MEA",2014,94,"7.1.1"
"EG.ELC.ACCS.ZS","HIC",2014,99.9,"7.1.1"
"EG.ELC.ACCS.ZS","MEA",2015,93.4,"7.1.1"
"EG.ELC.ACCS.ZS","HIC",2015,99.4,"7.1.1"
"EG.ELC.ACCS.ZS","MEA",2016,95.2,"7.1.1"
"EG.ELC.ACCS.ZS","HIC",2016,99.9,"7.1.1"
"EG.ELC.ACCS.ZS","ECS",2010,99.7,"7.1.1"
"EG.ELC.ACCS.ZS","MEA",2017,96,"7.1.1"
"EG.ELC.ACCS.ZS","HIC",2017,100,"7.1.1"
"EG.ELC.ACCS.ZS","ECS",2011,99.7,"7.1.1"
"EG.ELC.ACCS.ZS","MEA",2018,95,"7.1.1"
"EG.ELC.ACCS.ZS","HIC",2018,100,"7.1.1"
"EG.ELC.ACCS.ZS","ECS",2012,99.8,"7.1.1"
"EG.ELC.ACCS.ZS","MEA",2019,96,"7.1.1"
"EG.ELC.ACCS.ZS","HIC",2019,99.9,"7.1.1"
"EG.ELC.ACCS.ZS","ECS",2013,99.8,"7.1.1"
"EG.ELC.ACCS.ZS","MEA",2020,96.3,"7.1.1"
"EG.ELC.ACCS.ZS","HIC",2020,100,"7.1.1"
"EG.ELC.ACCS.ZS","ECS",2014,99.9,"7.1.1"
"EG.ELC.ACCS.ZS","MEA",2021,96.4,"7.1.1"
"EG.ELC.ACCS.ZS","HIC",2021,100,"7.1.1"
"EG.ELC.ACCS.ZS","ECS",2015,99.2,"7.1.1"
"EG.ELC.ACCS.ZS","HIC",2022,100,"7.1.1"
"EG.ELC.ACCS.ZS","ECS",2016,99.8,"7.1.1"
"EG.ELC.ACCS.ZS","HIC",2023,100,"7.1.1"
"EG.ELC.ACCS.ZS","ECS",2017,100,"7.1.1"
"EG.ELC.ACCS.ZS","HIC",2024,,"7.1.1"
"EG.ELC.ACCS.ZS","ECS",2018,100,"7.1.1"
"EG.ELC.ACCS.ZS","HIC",2025,,"7.1.1"
"EG.ELC.ACCS.ZS","ECS",2019,100,"7.1.1"
"EG.ELC.ACCS.ZS","ECS",2020,100,"7.1.1"
"EG.ELC.ACCS.ZS","ECS",2021,100,"7.1.1"
"EG.ELC.ACCS.ZS","ECS",2022,100,"7.1.1"
"EG.ELC.ACCS.ZS","ECS",2023,100,"7.1.1"
"EG.ELC.ACCS.ZS","ECS",2024,,"7.1.1"
"EG.ELC.ACCS.ZS","ECS",2025,,"7.1.1"
"EG.ELC.ACCS.ZS","SSF",2010,33.3,"7.1.1"
"EG.ELC.ACCS.ZS","UMC",2010,98.2,"7.1.1"
"EG.ELC.ACCS.ZS","SSF",2011,35.9,"7.1.1"
"EG.ELC.ACCS.ZS","UMC",2011,98.4,"7.1.1"
"EG.ELC.ACCS.ZS","SSF",2012,36.8,"7.1.1"
"EG.ELC.ACCS.ZS","UMC",2012,98.7,"7.1.1"
"EG.ELC.ACCS.ZS","SSF",2013,38,"7.1.1"
"EG.ELC.ACCS.ZS","UMC",2013,98.8,"7.1.1"
"EG.ELC.ACCS.ZS","SSF",2014,38.4,"7.1.1"
"EG.ELC.ACCS.ZS","UMC",2014,98.9,"7.1.1"
"EG.ELC.ACCS.ZS","SSF",2015,39.2,"7.1.1"
"EG.ELC.ACCS.ZS","SSF",2016,43.8,"7.1.1"
"EG.ELC.ACCS.ZS","SSF",2017,43.8,"7.1.1"
"EG.ELC.ACCS.ZS","SSF",2018,46.4,"7.1.1"
"EG.ELC.ACCS.ZS","SSF",2019,47.2,"7.1.1"
"EG.ELC.ACCS.ZS","SSF",2020,48.5,"7.1.1"
"EG.ELC.ACCS.ZS","SSF",2021,50.7,"7.1.1"
"EG.ELC.ACCS.ZS","SSF",2023,53.3,"7.1.1"
"EG.ELC.ACCS.ZS","SSF",2022,51.6,"7.1.1"
"EG.ELC.ACCS.ZS","SSF",2024,,"7.1.1"
"EG.ELC.ACCS.ZS","SSF",2025,,"7.1.1"
"EN.GHG.ALL.PC.CE.AR5","EAS",2023,9,"13.2.2"
"EN.GHG.ALL.PC.CE.AR5","EAS",2024,9.1,"13.2.2"
"EN.GHG.ALL.PC.CE.AR5","EAS",2025,,"13.2.2"
"EN.GHG.ALL.PC.CE.AR5","UMC",2015,7.7,"13.2.2"
"EN.GHG.ALL.PC.CE.AR5","ECS",2016,9.3,"13.2.2"
"EN.GHG.ALL.PC.CE.AR5","EAS",2013,8.1,"13.2.2"
"EN.GHG.ALL.PC.CE.AR5","UMC",2016,7.7,"13.2.2"
"EN.GHG.ALL.PC.CE.AR5","ECS",2017,9.4,"13.2.2"
"EN.GHG.ALL.PC.CE.AR5","EAS",2014,8.1,"13.2.2"
"EN.GHG.ALL.PC.CE.AR5","UMC",2017,7.8,"13.2.2"
"EN.GHG.ALL.PC.CE.AR5","ECS",2018,9.4,"13.2.2"
"EN.GHG.ALL.PC.CE.AR5","EAS",2015,8,"13.2.2"
"EN.GHG.ALL.PC.CE.AR5","UMC",2018,8,"13.2.2"
"EN.GHG.ALL.PC.CE.AR5","ECS",2019,9.2,"13.2.2"
"EN.GHG.ALL.PC.CE.AR5","EAS",2016,7.9,"13.2.2"
"EN.GHG.ALL.PC.CE.AR5","UMC",2019,8.1,"13.2.2"
"EN.GHG.ALL.PC.CE.AR5","ECS",2020,8.7,"13.2.2"
"EN.GHG.ALL.PC.CE.AR5","EAS",2017,8.1,"13.2.2"
"EN.GHG.ALL.PC.CE.AR5","UMC",2020,8.1,"13.2.2"
"EN.GHG.ALL.PC.CE.AR5","ECS",2021,9.2,"13.2.2"
"EN.GHG.ALL.PC.CE.AR5","EAS",2018,8.3,"13.2.2"
"EN.GHG.ALL.PC.CE.AR5","UMC",2021,8.4,"13.2.2"
"EN.GHG.ALL.PC.CE.AR5","ECS",2022,8.9,"13.2.2"
"EN.GHG.ALL.PC.CE.AR5","EAS",2019,8.4,"13.2.2"
"EN.GHG.ALL.PC.CE.AR5","UMC",2022,8.4,"13.2.2"
"EN.GHG.ALL.PC.CE.AR5","ECS",2023,8.7,"13.2.2"
"EN.GHG.ALL.PC.CE.AR5","EAS",2020,8.4,"13.2.2"
"EN.GHG.ALL.PC.CE.AR5","UMC",2023,8.7,"13.2.2"
"EN.GHG.ALL.PC.CE.AR5","ECS",2024,8.7,"13.2.2"
"EN.GHG.ALL.PC.CE.AR5","EAS",2021,8.7,"13.2.2"
"EN.GHG.ALL.PC.CE.AR5","UMC",2024,8.7,"13.2.2"
"EN.GHG.ALL.PC.CE.AR5","ECS",2025,,"13.2.2"
"EN.GHG.ALL.PC.CE.AR5","EAS",2022,8.7,"13.2.2"
"EN.GHG.ALL.PC.CE.AR5","UMC",2025,,"13.2.2"
"EN.GHG.ALL.PC.CE.AR5","ECS",2010,10,"13.2.2"
"EN.GHG.ALL.PC.CE.AR5","ECS",2011,10,"13.2.2"
"EN.GHG.ALL.PC.CE.AR5","ECS",2012,9.9,"13.2.2"
"EN.GHG.ALL.PC.CE.AR5","ECS",2013,9.7,"13.2.2"
"EN.GHG.ALL.PC.CE.AR5","EAS",2010,7.3,"13.2.2"
"EN.GHG.ALL.PC.CE.AR5","ECS",2014,9.4,"13.2.2"
"EN.GHG.ALL.PC.CE.AR5","EAS",2011,7.8,"13.2.2"
"EN.GHG.ALL.PC.CE.AR5","ECS",2015,9.3,"13.2.2"
"EN.GHG.ALL.PC.CE.AR5","EAS",2012,7.9,"13.2.2"
"EN.GHG.ALL.PC.CE.AR5","NAC",2010,21.8,"13.2.2"
"EN.GHG.ALL.PC.CE.AR5","LIC",2010,1.7,"13.2.2"
"EN.GHG.ALL.PC.CE.AR5","NAC",2011,21.1,"13.2.2"
"EN.GHG.ALL.PC.CE.AR5","LIC",2011,1.6,"13.2.2"
"EN.GHG.ALL.PC.CE.AR5","NAC",2012,20.2,"13.2.2"
"EN.GHG.ALL.PC.CE.AR5","LIC",2012,1.6,"13.2.2"
"EN.GHG.ALL.PC.CE.AR5","NAC",2013,20.5,"13.2.2"
"EN.GHG.ALL.PC.CE.AR5","LIC",2013,1.5,"13.2.2"
"EN.GHG.ALL.PC.CE.AR5","NAC",2014,20.5,"13.2.2"
"EN.GHG.ALL.PC.CE.AR5","LIC",2014,1.5,"13.2.2"
"EN.GHG.ALL.PC.CE.AR5","NAC",2015,19.9,"13.2.2"
"EN.GHG.ALL.PC.CE.AR5","LIC",2015,1.4,"13.2.2"
"EN.GHG.ALL.PC.CE.AR5","NAC",2016,19.4,"13.2.2"
"EN.GHG.ALL.PC.CE.AR5","LIC",2016,1.4,"13.2.2"
"EN.GHG.ALL.PC.CE.AR5","NAC",2017,19.2,"13.2.2"
"EN.GHG.ALL.PC.CE.AR5","WLD",2010,6.3,"13.2.2"
"EN.GHG.ALL.PC.CE.AR5","LIC",2017,1.5,"13.2.2"
"EN.GHG.ALL.PC.CE.AR5","NAC",2018,19.6,"13.2.2"
"EN.GHG.ALL.PC.CE.AR5","WLD",2011,6.4,"13.2.2"
"EN.GHG.ALL.PC.CE.AR5","LIC",2018,1.5,"13.2.2"
"EN.GHG.ALL.PC.CE.AR5","LCN",2012,5.6,"13.2.2"
"EN.GHG.ALL.PC.CE.AR5","NAC",2019,19.2,"13.2.2"
"EN.GHG.ALL.PC.CE.AR5","WLD",2012,6.4,"13.2.2"
"EN.GHG.ALL.PC.CE.AR5","LIC",2019,1.5,"13.2.2"
"EN.GHG.ALL.PC.CE.AR5","LCN",2013,5.6,"13.2.2"
"EN.GHG.ALL.PC.CE.AR5","NAC",2020,17.4,"13.2.2"
"EN.GHG.ALL.PC.CE.AR5","WLD",2013,6.5,"13.2.2"
"EN.GHG.ALL.PC.CE.AR5","LIC",2020,1.5,"13.2.2"
"EN.GHG.ALL.PC.CE.AR5","LCN",2014,5.6,"13.2.2"
"EN.GHG.ALL.PC.CE.AR5","NAC",2021,18.2,"13.2.2"
"EN.GHG.ALL.PC.CE.AR5","WLD",2014,6.4,"13.2.2"
"EN.GHG.ALL.PC.CE.AR5","LIC",2021,1.5,"13.2.2"
"EN.GHG.ALL.PC.CE.AR5","LCN",2015,5.5,"13.2.2"
"EN.GHG.ALL.PC.CE.AR5","NAC",2022,18.3,"13.2.2"
"EN.GHG.ALL.PC.CE.AR5","WLD",2015,6.3,"13.2.2"
"EN.GHG.ALL.PC.CE.AR5","LIC",2022,1.5,"13.2.2"
"EN.GHG.ALL.PC.CE.AR5","LCN",2016,5.5,"13.2.2"
"EN.GHG.ALL.PC.CE.AR5","NAC",2023,17.6,"13.2.2"
"EN.GHG.ALL.PC.CE.AR5","WLD",2016,6.3,"13.2.2"
"EN.GHG.ALL.PC.CE.AR5","LIC",2023,1.4,"13.2.2"
"EN.GHG.ALL.PC.CE.AR5","LCN",2017,5.4,"13.2.2"
"EN.GHG.ALL.PC.CE.AR5","NAC",2024,17.5,"13.2.2"
"EN.GHG.ALL.PC.CE.AR5","WLD",2017,6.3,"13.2.2"
"EN.GHG.ALL.PC.CE.AR5","LIC",2024,1.4,"13.2.2"
"EN.GHG.ALL.PC.CE.AR5","LCN",2018,5.3,"13.2.2"
"EN.GHG.ALL.PC.CE.AR5","NAC",2025,,"13.2.2"
"EN.GHG.ALL.PC.CE.AR5","WLD",2018,6.4,"13.2.2"
"EN.GHG.ALL.PC.CE.AR5","LIC",2025,,"13.2.2"
"EN.GHG.ALL.PC.CE.AR5","LCN",2019,5.3,"13.2.2"
"EN.GHG.ALL.PC.CE.AR5","WLD",2019,6.3,"13.2.2"
"EN.GHG.ALL.PC.CE.AR5","LCN",2020,5,"13.2.2"
"EN.GHG.ALL.PC.CE.AR5","WLD",2020,6.1,"13.2.2"
"EN.GHG.ALL.PC.CE.AR5","LCN",2021,5.2,"13.2.2"
"EN.GHG.ALL.PC.CE.AR5","WLD",2021,6.3,"13.2.2"
"EN.GHG.ALL.PC.CE.AR5","LCN",2022,5.3,"13.2.2"
"EN.GHG.ALL.PC.CE.AR5","WLD",2022,6.3,"13.2.2"
"EN.GHG.ALL.PC.CE.AR5","LCN",2023,5.3,"13.2.2"
"EN.GHG.ALL.PC.CE.AR5","WLD",2023,6.3,"13.2.2"
"EN.GHG.ALL.PC.CE.AR5","LCN",2024,5.3,"13.2.2"
"EN.GHG.ALL.PC.CE.AR5","WLD",2024,6.4,"13.2.2"
"EN.GHG.ALL.PC.CE.AR5","LCN",2025,,"13.2.2"
"EN.GHG.ALL.PC.CE.AR5","WLD",2025,,"13.2.2"
"EN.GHG.ALL.PC.CE.AR5","LCN",2010,5.4,"13.2.2"
"EN.GHG.ALL.PC.CE.AR5","LCN",2011,5.5,"13.2.2"
"EN.GHG.ALL.PC.CE.AR5","LMC",2010,2.1,"13.2.2"
"EN.GHG.ALL.PC.CE.AR5","LMC",2011,2.2,"13.2.2"
"EN.GHG.ALL.PC.CE.AR5","LMC",2012,2.2,"13.2.2"
"EN.GHG.ALL.PC.CE.AR5","LMC",2013,2.2,"13.2.2"
"EN.GHG.ALL.PC.CE.AR5","LMC",2014,2.3,"13.2.2"
"EN.GHG.ALL.PC.CE.AR5","LMC",2015,2.3,"13.2.2"
"EN.GHG.ALL.PC.CE.AR5","LMC",2016,2.3,"13.2.2"
"EN.GHG.ALL.PC.CE.AR5","LMC",2017,2.4,"13.2.2"
"EN.GHG.ALL.PC.CE.AR5","LMC",2018,2.4,"13.2.2"
"EN.GHG.ALL.PC.CE.AR5","LMC",2019,2.4,"13.2.2"
"EN.GHG.ALL.PC.CE.AR5","LMC",2020,2.4,"13.2.2"
"EN.GHG.ALL.PC.CE.AR5","LMC",2021,2.4,"13.2.2"
"EN.GHG.ALL.PC.CE.AR5","SAS",2022,2.6,"13.2.2"
"EN.GHG.ALL.PC.CE.AR5","LMC",2022,2.5,"13.2.2"
"EN.GHG.ALL.PC.CE.AR5","SAS",2023,2.7,"13.2.2"
"EN.GHG.ALL.PC.CE.AR5","LMC",2023,2.6,"13.2.2"
"EN.GHG.ALL.PC.CE.AR5","SAS",2024,2.8,"13.2.2"
"EN.GHG.ALL.PC.CE.AR5","LMC",2024,2.6,"13.2.2"
"EN.GHG.ALL.PC.CE.AR5","SAS",2025,,"13.2.2"
"EN.GHG.ALL.PC.CE.AR5","LMC",2025,,"13.2.2"
"EN.GHG.ALL.PC.CE.AR5","SAS",2010,2,"13.2.2"
"EN.GHG.ALL.PC.CE.AR5","SAS",2011,2.1,"13.2.2"
"EN.GHG.ALL.PC.CE.AR5","MEA",2022,5.9,"13.2.2"
"EN.GHG.ALL.PC.CE.AR5","SAS",2012,2.2,"13.2.2"
"EN.GHG.ALL.PC.CE.AR5","MEA",2023,5.9,"13.2.2"
"EN.GHG.ALL.PC.CE.AR5","SAS",2013,2.2,"13.2.2"
"EN.GHG.ALL.PC.CE.AR5","MEA",2024,5.9,"13.2.2"
"EN.GHG.ALL.PC.CE.AR5","SAS",2014,2.3,"13.2.2"
"EN.GHG.ALL.PC.CE.AR5","MEA",2025,,"13.2.2"
"EN.GHG.ALL.PC.CE.AR5","SAS",2015,2.3,"13.2.2"
"EN.GHG.ALL.PC.CE.AR5","SAS",2016,2.3,"13.2.2"
"EN.GHG.ALL.PC.CE.AR5","MEA",2010,5.7,"13.2.2"
"EN.GHG.ALL.PC.CE.AR5","SAS",2017,2.4,"13.2.2"
"EN.GHG.ALL.PC.CE.AR5","HIC",2010,14.5,"13.2.2"
"EN.GHG.ALL.PC.CE.AR5","MEA",2011,5.7,"13.2.2"
"EN.GHG.ALL.PC.CE.AR5","SAS",2018,2.5,"13.2.2"
"EN.GHG.ALL.PC.CE.AR5","HIC",2011,14.4,"13.2.2"
"EN.GHG.ALL.PC.CE.AR5","MEA",2012,5.8,"13.2.2"
"EN.GHG.ALL.PC.CE.AR5","SAS",2019,2.5,"13.2.2"
"EN.GHG.ALL.PC.CE.AR5","HIC",2012,14.2,"13.2.2"
"EN.GHG.ALL.PC.CE.AR5","MEA",2013,5.7,"13.2.2"
"EN.GHG.ALL.PC.CE.AR5","SAS",2020,2.3,"13.2.2"
"EN.GHG.ALL.PC.CE.AR5","HIC",2013,14.2,"13.2.2"
"EN.GHG.ALL.PC.CE.AR5","MEA",2014,5.8,"13.2.2"
"EN.GHG.ALL.PC.CE.AR5","SAS",2021,2.5,"13.2.2"
"EN.GHG.ALL.PC.CE.AR5","HIC",2014,14,"13.2.2"
"EN.GHG.ALL.PC.CE.AR5","MEA",2015,5.8,"13.2.2"
"EN.GHG.ALL.PC.CE.AR5","HIC",2015,13.8,"13.2.2"
"EN.GHG.ALL.PC.CE.AR5","MEA",2016,5.9,"13.2.2"
"EN.GHG.ALL.PC.CE.AR5","HIC",2016,13.7,"13.2.2"
"EN.GHG.ALL.PC.CE.AR5","MEA",2017,5.9,"13.2.2"
"EN.GHG.ALL.PC.CE.AR5","HIC",2017,13.6,"13.2.2"
"EN.GHG.ALL.PC.CE.AR5","MEA",2018,5.8,"13.2.2"
"EN.GHG.ALL.PC.CE.AR5","HIC",2018,13.7,"13.2.2"
"EN.GHG.ALL.PC.CE.AR5","MEA",2019,5.8,"13.2.2"
"EN.GHG.ALL.PC.CE.AR5","HIC",2019,13.4,"13.2.2"
"EN.GHG.ALL.PC.CE.AR5","MEA",2020,5.7,"13.2.2"
"EN.GHG.ALL.PC.CE.AR5","HIC",2020,12.5,"13.2.2"
"EN.GHG.ALL.PC.CE.AR5","MEA",2021,5.8,"13.2.2"
"EN.GHG.ALL.PC.CE.AR5","HIC",2021,13.1,"13.2.2"
"EN.GHG.ALL.PC.CE.AR5","HIC",2022,13,"13.2.2"
"EN.GHG.ALL.PC.CE.AR5","HIC",2023,12.6,"13.2.2"
"EN.GHG.ALL.PC.CE.AR5","HIC",2024,12.5,"13.2.2"
"EN.GHG.ALL.PC.CE.AR5","HIC",2025,,"13.2.2"
"EN.GHG.ALL.PC.CE.AR5","SSF",2010,2.2,"13.2.2"
"EN.GHG.ALL.PC.CE.AR5","SSF",2011,2.2,"13.2.2"
"EN.GHG.ALL.PC.CE.AR5","SSF",2012,2.2,"13.2.2"
"EN.GHG.ALL.PC.CE.AR5","SSF",2013,2.2,"13.2.2"
"EN.GHG.ALL.PC.CE.AR5","SSF",2014,2.2,"13.2.2"
"EN.GHG.ALL.PC.CE.AR5","SSF",2020,2,"13.2.2"
"EN.GHG.ALL.PC.CE.AR5","SSF",2015,2.1,"13.2.2"
"EN.GHG.ALL.PC.CE.AR5","SSF",2021,2,"13.2.2"
"EN.GHG.ALL.PC.CE.AR5","SSF",2016,2.1,"13.2.2"
"EN.GHG.ALL.PC.CE.AR5","UMC",2010,7.2,"13.2.2"
"EN.GHG.ALL.PC.CE.AR5","SSF",2022,1.9,"13.2.2"
"EN.GHG.ALL.PC.CE.AR5","SSF",2017,2.1,"13.2.2"
"EN.GHG.ALL.PC.CE.AR5","UMC",2011,7.6,"13.2.2"
"EN.GHG.ALL.PC.CE.AR5","SSF",2023,1.9,"13.2.2"
"EN.GHG.ALL.PC.CE.AR5","SSF",2018,2.1,"13.2.2"
"EN.GHG.ALL.PC.CE.AR5","UMC",2012,7.7,"13.2.2"
"EN.GHG.ALL.PC.CE.AR5","SSF",2024,1.9,"13.2.2"
"EN.GHG.ALL.PC.CE.AR5","SSF",2019,2.1,"13.2.2"
"EN.GHG.ALL.PC.CE.AR5","UMC",2013,7.9,"13.2.2"
"EN.GHG.ALL.PC.CE.AR5","SSF",2025,,"13.2.2"
"EN.GHG.ALL.PC.CE.AR5","UMC",2014,7.9,"13.2.2"
"EN.POP.SLUM.UR.ZS","EAS",2010,,"11.0.0"
"EN.POP.SLUM.UR.ZS","EAS",2011,,"11.0.0"
"EN.POP.SLUM.UR.ZS","EAS",2012,,"11.0.0"
"EN.POP.SLUM.UR.ZS","EAS",2013,,"11.0.0"
"EN.POP.SLUM.UR.ZS","EAS",2014,,"11.0.0"
"EN.POP.SLUM.UR.ZS","EAS",2015,,"11.0.0"
"EN.POP.SLUM.UR.ZS","EAS",2016,,"11.0.0"
"EN.POP.SLUM.UR.ZS","EAS",2017,,"11.0.0"
"EN.POP.SLUM.UR.ZS","EAS",2018,,"11.0.0"
"EN.POP.SLUM.UR.ZS","EAS",2024,,"11.0.0"
"EN.POP.SLUM.UR.ZS","ECS",2010,3.6,"11.0.0"
"EN.POP.SLUM.UR.ZS","EAS",2019,,"11.0.0"
"EN.POP.SLUM.UR.ZS","EAS",2025,,"11.0.0"
"EN.POP.SLUM.UR.ZS","ECS",2011,,"11.0.0"
"EN.POP.SLUM.UR.ZS","EAS",2020,,"11.0.0"
"EN.POP.SLUM.UR.ZS","ECS",2012,3.4,"11.0.0"
"EN.POP.SLUM.UR.ZS","EAS",2021,,"11.0.0"
"EN.POP.SLUM.UR.ZS","ECS",2013,,"11.0.0"
"EN.POP.SLUM.UR.ZS","EAS",2022,23.3,"11.0.0"
"EN.POP.SLUM.UR.ZS","ECS",2014,2.8,"11.0.0"
"EN.POP.SLUM.UR.ZS","EAS",2023,,"11.0.0"
"EN.POP.SLUM.UR.ZS","ECS",2015,,"11.0.0"
"EN.POP.SLUM.UR.ZS","ECS",2016,2.8,"11.0.0"
"EN.POP.SLUM.UR.ZS","ECS",2017,,"11.0.0"
"EN.POP.SLUM.UR.ZS","ECS",2018,2.9,"11.0.0"
"EN.POP.SLUM.UR.ZS","ECS",2019,,"11.0.0"
"EN.POP.SLUM.UR.ZS","ECS",2020,2.9,"11.0.0"
"EN.POP.SLUM.UR.ZS","ECS",2021,,"11.0.0"
"EN.POP.SLUM.UR.ZS","ECS",2022,2.8,"11.0.0"
"EN.POP.SLUM.UR.ZS","ECS",2023,,"11.0.0"
"EN.POP.SLUM.UR.ZS","ECS",2024,,"11.0.0"
"EN.POP.SLUM.UR.ZS","LCN",2010,21.8,"11.0.0"
"EN.POP.SLUM.UR.ZS","ECS",2025,,"11.0.0"
"EN.POP.SLUM.UR.ZS","LCN",2011,,"11.0.0"
"EN.POP.SLUM.UR.ZS","LCN",2012,19.7,"11.0.0"
"EN.POP.SLUM.UR.ZS","LCN",2013,,"11.0.0"
"EN.POP.SLUM.UR.ZS","LCN",2014,19,"11.0.0"
"EN.POP.SLUM.UR.ZS","LCN",2015,,"11.0.0"
"EN.POP.SLUM.UR.ZS","LCN",2016,17.8,"11.0.0"
"EN.POP.SLUM.UR.ZS","LCN",2017,,"11.0.0"
"EN.POP.SLUM.UR.ZS","LCN",2018,,"11.0.0"
"EN.POP.SLUM.UR.ZS","LCN",2019,,"11.0.0"
"EN.POP.SLUM.UR.ZS","UMC",2015,,"11.0.0"
"EN.POP.SLUM.UR.ZS","MEA",2023,,"11.0.0"
"EN.POP.SLUM.UR.ZS","LCN",2020,,"11.0.0"
"EN.POP.SLUM.UR.ZS","UMC",2016,,"11.0.0"
"EN.POP.SLUM.UR.ZS","MEA",2024,,"11.0.0"
"EN.POP.SLUM.UR.ZS","LCN",2021,,"11.0.0"
"EN.POP.SLUM.UR.ZS","LIC",2010,66,"11.0.0"
"EN.POP.SLUM.UR.ZS","UMC",2017,,"11.0.0"
"EN.POP.SLUM.UR.ZS","MEA",2025,,"11.0.0"
"EN.POP.SLUM.UR.ZS","LCN",2022,18.9,"11.0.0"
"EN.POP.SLUM.UR.ZS","LIC",2011,,"11.0.0"
"EN.POP.SLUM.UR.ZS","UMC",2018,,"11.0.0"
"EN.POP.SLUM.UR.ZS","LCN",2023,,"11.0.0"
"EN.POP.SLUM.UR.ZS","LIC",2012,63.8,"11.0.0"
"EN.POP.SLUM.UR.ZS","UMC",2019,,"11.0.0"
"EN.POP.SLUM.UR.ZS","LCN",2024,,"11.0.0"
"EN.POP.SLUM.UR.ZS","MEA",2010,40.6,"11.0.0"
"EN.POP.SLUM.UR.ZS","LIC",2013,,"11.0.0"
"EN.POP.SLUM.UR.ZS","UMC",2020,,"11.0.0"
"EN.POP.SLUM.UR.ZS","LCN",2025,,"11.0.0"
"EN.POP.SLUM.UR.ZS","MEA",2011,,"11.0.0"
"EN.POP.SLUM.UR.ZS","LIC",2014,62.2,"11.0.0"
"EN.POP.SLUM.UR.ZS","UMC",2021,,"11.0.0"
"EN.POP.SLUM.UR.ZS","MEA",2012,38.3,"11.0.0"
"EN.POP.SLUM.UR.ZS","LIC",2015,,"11.0.0"
"EN.POP.SLUM.UR.ZS","UMC",2022,23.7,"11.0.0"
"EN.POP.SLUM.UR.ZS","MEA",2013,,"11.0.0"
"EN.POP.SLUM.UR.ZS","LIC",2016,61.1,"11.0.0"
"EN.POP.SLUM.UR.ZS","UMC",2023,,"11.0.0"
"EN.POP.SLUM.UR.ZS","MEA",2014,35.6,"11.0.0"
"EN.POP.SLUM.UR.ZS","LIC",2017,,"11.0.0"
"EN.POP.SLUM.UR.ZS","UMC",2024,,"11.0.0"
"EN.POP.SLUM.UR.ZS","MEA",2015,,"11.0.0"
"EN.POP.SLUM.UR.ZS","LIC",2018,60.3,"11.0.0"
"EN.POP.SLUM.UR.ZS","UMC",2025,,"11.0.0"
"EN.POP.SLUM.UR.ZS","MEA",2016,34.6,"11.0.0"
"EN.POP.SLUM.UR.ZS","LIC",2019,,"11.0.0"
"EN.POP.SLUM.UR.ZS","MEA",2017,,"11.0.0"
"EN.POP.SLUM.UR.ZS","LIC",2020,59.3,"11.0.0"
"EN.POP.SLUM.UR.ZS","MEA",2018,34.2,"11.0.0"
"EN.POP.SLUM.UR.ZS","LIC",2021,,"11.0.0"
"EN.POP.SLUM.UR.ZS","MEA",2019,,"11.0.0"
"EN.POP.SLUM.UR.ZS","LIC",2022,60.3,"11.0.0"
"EN.POP.SLUM.UR.ZS","MEA",2020,34,"11.0.0"
"EN.POP.SLUM.UR.ZS","LIC",2023,,"11.0.0"
"EN.POP.SLUM.UR.ZS","MEA",2021,,"11.0.0"
"EN.POP.SLUM.UR.ZS","LIC",2024,,"11.0.0"
"EN.POP.SLUM.UR.ZS","MEA",2022,31.9,"11.0.0"
"EN.POP.SLUM.UR.ZS","LIC",2025,,"11.0.0"
"EN.POP.SLUM.UR.ZS","NAC",2010,0.2,"11.0.0"
"EN.POP.SLUM.UR.ZS","NAC",2011,,"11.0.0"
"EN.POP.SLUM.UR.ZS","NAC",2012,0.2,"11.0.0"
"EN.POP.SLUM.UR.ZS","NAC",2013,,"11.0.0"
"EN.POP.SLUM.UR.ZS","NAC",2014,0.2,"11.0.0"
"EN.POP.SLUM.UR.ZS","NAC",2015,,"11.0.0"
"EN.POP.SLUM.UR.ZS","NAC",2016,0.3,"11.0.0"
"EN.POP.SLUM.UR.ZS","NAC",2017,,"11.0.0"
"EN.POP.SLUM.UR.ZS","WLD",2010,,"11.0.0"
"EN.POP.SLUM.UR.ZS","NAC",2018,0.2,"11.0.0"
"EN.POP.SLUM.UR.ZS","WLD",2011,,"11.0.0"
"EN.POP.SLUM.UR.ZS","NAC",2019,,"11.0.0"
"EN.POP.SLUM.UR.ZS","WLD",2012,,"11.0.0"
"EN.POP.SLUM.UR.ZS","NAC",2020,0.2,"11.0.0"
"EN.POP.SLUM.UR.ZS","WLD",2013,,"11.0.0"
"EN.POP.SLUM.UR.ZS","NAC",2021,,"11.0.0"
"EN.POP.SLUM.UR.ZS","WLD",2014,,"11.0.0"
"EN.POP.SLUM.UR.ZS","NAC",2022,0.2,"11.0.0"
"EN.POP.SLUM.UR.ZS","WLD",2015,,"11.0.0"
"EN.POP.SLUM.UR.ZS","NAC",2023,,"11.0.0"
"EN.POP.SLUM.UR.ZS","WLD",2016,,"11.0.0"
"EN.POP.SLUM.UR.ZS","NAC",2024,,"11.0.0"
"EN.POP.SLUM.UR.ZS","WLD",2017,,"11.0.0"
"EN.POP.SLUM.UR.ZS","LMC",2010,,"11.0.0"
"EN.POP.SLUM.UR.ZS","NAC",2025,,"11.0.0"
"EN.POP.SLUM.UR.ZS","WLD",2018,19.7,"11.0.0"
"EN.POP.SLUM.UR.ZS","LMC",2011,,"11.0.0"
"EN.POP.SLUM.UR.ZS","WLD",2019,,"11.0.0"
"EN.POP.SLUM.UR.ZS","LMC",2012,,"11.0.0"
"EN.POP.SLUM.UR.ZS","WLD",2020,,"11.0.0"
"EN.POP.SLUM.UR.ZS","LMC",2013,,"11.0.0"
"EN.POP.SLUM.UR.ZS","WLD",2021,,"11.0.0"
"EN.POP.SLUM.UR.ZS","LMC",2014,,"11.0.0"
"EN.POP.SLUM.UR.ZS","WLD",2022,23.2,"11.0.0"
"EN.POP.SLUM.UR.ZS","LMC",2015,,"11.0.0"
"EN.POP.SLUM.UR.ZS","WLD",2023,,"11.0.0"
"EN.POP.SLUM.UR.ZS","LMC",2016,,"11.0.0"
"EN.POP.SLUM.UR.ZS","WLD",2024,,"11.0.0"
"EN.POP.SLUM.UR.ZS","LMC",2017,,"11.0.0"
"EN.POP.SLUM.UR.ZS","WLD",2025,,"11.0.0"
"EN.POP.SLUM.UR.ZS","LMC",2018,25.4,"11.0.0"
"EN.POP.SLUM.UR.ZS","LMC",2019,,"11.0.0"
"EN.POP.SLUM.UR.ZS","LMC",2020,,"11.0.0"
"EN.POP.SLUM.UR.ZS","LMC",2021,,"11.0.0"
"EN.POP.SLUM.UR.ZS","SAS",2022,,"11.0.0"
"EN.POP.SLUM.UR.ZS","LMC",2022,,"11.0.0"
"EN.POP.SLUM.UR.ZS","SAS",2023,,"11.0.0"
"EN.POP.SLUM.UR.ZS","LMC",2023,,"11.0.0"
"EN.POP.SLUM.UR.ZS","SAS",2024,,"11.0.0"
"EN.POP.SLUM.UR.ZS","LMC",2024,,"11.0.0"
"EN.POP.SLUM.UR.ZS","SAS",2025,,"11.0.0"
"EN.POP.SLUM.UR.ZS","LMC",2025,,"11.0.0"
"EN.POP.SLUM.UR.ZS","SAS",2010,,"11.0.0"
"EN.POP.SLUM.UR.ZS","SAS",2011,,"11.0.0"
"EN.POP.SLUM.UR.ZS","SAS",2012,,"11.0.0"
"EN.POP.SLUM.UR.ZS","SAS",2013,,"11.0.0"
"EN.POP.SLUM.UR.ZS","SAS",2014,,"11.0.0"
"EN.POP.SLUM.UR.ZS","SAS",2015,,"11.0.0"
"EN.POP.SLUM.UR.ZS","SAS",2016,,"11.0.0"
"EN.POP.SLUM.UR.ZS","SAS",2017,,"11.0.0"
"EN.POP.SLUM.UR.ZS","HIC",2010,1.3,"11.0.0"
"EN.POP.SLUM.UR.ZS","SAS",2018,11.4,"11.0.0"
"EN.POP.SLUM.UR.ZS","HIC",2011,,"11.0.0"
"EN.POP.SLUM.UR.ZS","SAS",2019,5.4,"11.0.0"
"EN.POP.SLUM.UR.ZS","HIC",2012,0.8,"11.0.0"
"EN.POP.SLUM.UR.ZS","SAS",2020,,"11.0.0"
"EN.POP.SLUM.UR.ZS","HIC",2013,,"11.0.0"
"EN.POP.SLUM.UR.ZS","SAS",2021,,"11.0.0"
"EN.POP.SLUM.UR.ZS","HIC",2014,0.9,"11.0.0"
"EN.POP.SLUM.UR.ZS","HIC",2015,,"11.0.0"
"EN.POP.SLUM.UR.ZS","HIC",2016,1.1,"11.0.0"
"EN.POP.SLUM.UR.ZS","HIC",2017,,"11.0.0"
"EN.POP.SLUM.UR.ZS","UMC",2010,,"11.0.0"
"EN.POP.SLUM.UR.ZS","HIC",2018,1.1,"11.0.0"
"EN.POP.SLUM.UR.ZS","UMC",2011,,"11.0.0"
"EN.POP.SLUM.UR.ZS","HIC",2019,,"11.0.0"
"EN.POP.SLUM.UR.ZS","UMC",2012,,"11.0.0"
"EN.POP.SLUM.UR.ZS","HIC",2020,0.9,"11.0.0"
"EN.POP.SLUM.UR.ZS","UMC",2013,,"11.0.0"
"EN.POP.SLUM.UR.ZS","HIC",2021,,"11.0.0"
"EN.POP.SLUM.UR.ZS","UMC",2014,,"11.0.0"
"EN.POP.SLUM.UR.ZS","HIC",2022,1.1,"11.0.0"
"EN.POP.SLUM.UR.ZS","HIC",2023,,"11.0.0"
"EN.POP.SLUM.UR.ZS","HIC",2024,,"11.0.0"
"EN.POP.SLUM.UR.ZS","HIC",2025,,"11.0.0"
"EN.POP.SLUM.UR.ZS","SSF",2023,,"11.0.0"
"EN.POP.SLUM.UR.ZS","SSF",2010,58.5,"11.0.0"
"EN.POP.SLUM.UR.ZS","SSF",2024,,"11.0.0"
"EN.POP.SLUM.UR.ZS","SSF",2011,,"11.0.0"
"EN.POP.SLUM.UR.ZS","SSF",2021,,"11.0.0"
"EN.POP.SLUM.UR.ZS","SSF",2025,,"11.0.0"
"EN.POP.SLUM.UR.ZS","SSF",2012,56.8,"11.0.0"
"EN.POP.SLUM.UR.ZS","SSF",2019,,"11.0.0"
"EN.POP.SLUM.UR.ZS","SSF",2022,53.7,"11.0.0"
"EN.POP.SLUM.UR.ZS","SSF",2014,55.2,"11.0.0"
"EN.POP.SLUM.UR.ZS","SSF",2013,,"11.0.0"
"EN.POP.SLUM.UR.ZS","SSF",2015,,"11.0.0"
"EN.POP.SLUM.UR.ZS","SSF",2020,51,"11.0.0"
"EN.POP.SLUM.UR.ZS","SSF",2018,52.2,"11.0.0"
"EN.POP.SLUM.UR.ZS","SSF",2017,,"11.0.0"
"EN.POP.SLUM.UR.ZS","SSF",2016,53.5,"11.0.0"
"IQ.SPI.OVRL","LCN",2010,,"17.18.1"
"IQ.SPI.OVRL","LCN",2011,,"17.18.1"
"IQ.SPI.OVRL","LCN",2025,,"17.18.1"
"IQ.SPI.OVRL","LCN",2024,,"17.18.1"
"IQ.SPI.OVRL","LCN",2012,,"17.18.1"
"IQ.SPI.OVRL","LCN",2013,,"17.18.1"
"IQ.SPI.OVRL","LCN",2021,,"17.18.1"
"IQ.SPI.OVRL","LCN",2014,,"17.18.1"
"IQ.SPI.OVRL","LCN",2020,,"17.18.1"
"IQ.SPI.OVRL","LCN",2022,,"17.18.1"
"IQ.SPI.OVRL","LCN",2015,,"17.18.1"
"IQ.SPI.OVRL","LCN",2017,,"17.18.1"
"IQ.SPI.OVRL","LCN",2023,,"17.18.1"
"IQ.SPI.OVRL","LCN",2016,,"17.18.1"
"IQ.SPI.OVRL","LCN",2018,,"17.18.1"
"IQ.SPI.OVRL","LCN",2019,,"17.18.1"
"IQ.SPI.OVRL","EAS",2010,,"17.18.1"
"IQ.SPI.OVRL","EAS",2011,,"17.18.1"
"IQ.SPI.OVRL","EAS",2017,,"17.18.1"
"IQ.SPI.OVRL","MEA",2010,,"17.18.1"
"IQ.SPI.OVRL","EAS",2012,,"17.18.1"
"IQ.SPI.OVRL","EAS",2018,,"17.18.1"
"IQ.SPI.OVRL","MEA",2011,,"17.18.1"
"IQ.SPI.OVRL","EAS",2013,,"17.18.1"
"IQ.SPI.OVRL","EAS",2019,,"17.18.1"
"IQ.SPI.OVRL","MEA",2012,,"17.18.1"
"IQ.SPI.OVRL","EAS",2014,,"17.18.1"
"IQ.SPI.OVRL","EAS",2020,,"17.18.1"
"IQ.SPI.OVRL","MEA",2013,,"17.18.1"
"IQ.SPI.OVRL","EAS",2015,,"17.18.1"
"IQ.SPI.OVRL","EAS",2021,,"17.18.1"
"IQ.SPI.OVRL","MEA",2014,,"17.18.1"
"IQ.SPI.OVRL","EAS",2016,,"17.18.1"
"IQ.SPI.OVRL","EAS",2022,,"17.18.1"
"IQ.SPI.OVRL","MEA",2015,,"17.18.1"
"IQ.SPI.OVRL","EAS",2023,,"17.18.1"
"IQ.SPI.OVRL","MEA",2016,,"17.18.1"
"IQ.SPI.OVRL","EAS",2024,,"17.18.1"
"IQ.SPI.OVRL","ECS",2010,,"17.18.1"
"IQ.SPI.OVRL","MEA",2017,,"17.18.1"
"IQ.SPI.OVRL","EAS",2025,,"17.18.1"
"IQ.SPI.OVRL","ECS",2011,,"17.18.1"
"IQ.SPI.OVRL","MEA",2018,,"17.18.1"
"IQ.SPI.OVRL","ECS",2012,,"17.18.1"
"IQ.SPI.OVRL","MEA",2019,,"17.18.1"
"IQ.SPI.OVRL","ECS",2013,,"17.18.1"
"IQ.SPI.OVRL","MEA",2020,,"17.18.1"
"IQ.SPI.OVRL","ECS",2014,,"17.18.1"
"IQ.SPI.OVRL","MEA",2021,,"17.18.1"
"IQ.SPI.OVRL","ECS",2015,,"17.18.1"
"IQ.SPI.OVRL","MEA",2022,,"17.18.1"
"IQ.SPI.OVRL","ECS",2016,,"17.18.1"
"IQ.SPI.OVRL","MEA",2023,,"17.18.1"
"IQ.SPI.OVRL","ECS",2017,,"17.18.1"
"IQ.SPI.OVRL","MEA",2024,,"17.18.1"
"IQ.SPI.OVRL","NAC",2010,,"17.18.1"
"IQ.SPI.OVRL","ECS",2018,,"17.18.1"
"IQ.SPI.OVRL","MEA",2025,,"17.18.1"
"IQ.SPI.OVRL","NAC",2011,,"17.18.1"
"IQ.SPI.OVRL","ECS",2019,,"17.18.1"
"IQ.SPI.OVRL","NAC",2012,,"17.18.1"
"IQ.SPI.OVRL","ECS",2020,,"17.18.1"
"IQ.SPI.OVRL","NAC",2013,,"17.18.1"
"IQ.SPI.OVRL","ECS",2021,,"17.18.1"
"IQ.SPI.OVRL","NAC",2014,,"17.18.1"
"IQ.SPI.OVRL","ECS",2022,,"17.18.1"
"IQ.SPI.OVRL","NAC",2015,,"17.18.1"
"IQ.SPI.OVRL","ECS",2023,,"17.18.1"
"IQ.SPI.OVRL","NAC",2016,,"17.18.1"
"IQ.SPI.OVRL","ECS",2024,,"17.18.1"
"IQ.SPI.OVRL","NAC",2017,,"17.18.1"
"IQ.SPI.OVRL","ECS",2025,,"17.18.1"
"IQ.SPI.OVRL","NAC",2018,,"17.18.1"
"IQ.SPI.OVRL","NAC",2019,,"17.18.1"
"IQ.SPI.OVRL","NAC",2020,,"17.18.1"
"IQ.SPI.OVRL","NAC",2021,,"17.18.1"
"IQ.SPI.OVRL","NAC",2022,,"17.18.1"
"IQ.SPI.OVRL","NAC",2023,,"17.18.1"
"IQ.SPI.OVRL","NAC",2024,,"17.18.1"
"IQ.SPI.OVRL","SAS",2010,,"17.18.1"
"IQ.SPI.OVRL","NAC",2025,,"17.18.1"
"IQ.SPI.OVRL","SAS",2011,,"17.18.1"
"IQ.SPI.OVRL","SAS",2012,,"17.18.1"
"IQ.SPI.OVRL","SAS",2013,,"17.18.1"
"IQ.SPI.OVRL","SAS",2014,,"17.18.1"
"IQ.SPI.OVRL","SAS",2015,,"17.18.1"
"IQ.SPI.OVRL","SAS",2016,,"17.18.1"
"IQ.SPI.OVRL","SAS",2017,,"17.18.1"
"IQ.SPI.OVRL","SAS",2018,,"17.18.1"
"IQ.SPI.OVRL","SAS",2019,,"17.18.1"
"IQ.SPI.OVRL","SAS",2020,,"17.18.1"
"IQ.SPI.OVRL","SAS",2021,,"17.18.1"
"IQ.SPI.OVRL","SAS",2022,,"17.18.1"
"IQ.SPI.OVRL","UMC",2025,,"17.18.1"
"IQ.SPI.OVRL","SAS",2023,,"17.18.1"
"IQ.SPI.OVRL","SAS",2024,,"17.18.1"
"IQ.SPI.OVRL","SSF",2010,,"17.18.1"
"IQ.SPI.OVRL","SAS",2025,,"17.18.1"
"IQ.SPI.OVRL","SSF",2011,,"17.18.1"
"IQ.SPI.OVRL","SSF",2012,,"17.18.1"
"IQ.SPI.OVRL","SSF",2013,,"17.18.1"
"IQ.SPI.OVRL","SSF",2014,,"17.18.1"
"IQ.SPI.OVRL","SSF",2015,,"17.18.1"
"IQ.SPI.OVRL","UMC",2015,,"17.18.1"
"IQ.SPI.OVRL","SSF",2016,,"17.18.1"
"IQ.SPI.OVRL","UMC",2016,58.2,"17.18.1"
"IQ.SPI.OVRL","SSF",2017,,"17.18.1"
"IQ.SPI.OVRL","LIC",2010,,"17.18.1"
"IQ.SPI.OVRL","UMC",2017,60.6,"17.18.1"
"IQ.SPI.OVRL","SSF",2018,,"17.18.1"
"IQ.SPI.OVRL","LIC",2011,,"17.18.1"
"IQ.SPI.OVRL","UMC",2018,62.9,"17.18.1"
"IQ.SPI.OVRL","SSF",2019,,"17.18.1"
"IQ.SPI.OVRL","LIC",2012,,"17.18.1"
"IQ.SPI.OVRL","UMC",2019,63.7,"17.18.1"
"IQ.SPI.OVRL","SSF",2020,,"17.18.1"
"IQ.SPI.OVRL","LIC",2013,,"17.18.1"
"IQ.SPI.OVRL","UMC",2020,64.8,"17.18.1"
"IQ.SPI.OVRL","SSF",2021,,"17.18.1"
"IQ.SPI.OVRL","LIC",2014,,"17.18.1"
"IQ.SPI.OVRL","UMC",2021,69.2,"17.18.1"
"IQ.SPI.OVRL","SSF",2022,,"17.18.1"
"IQ.SPI.OVRL","LIC",2015,,"17.18.1"
"IQ.SPI.OVRL","UMC",2022,67.4,"17.18.1"
"IQ.SPI.OVRL","SSF",2023,,"17.18.1"
"IQ.SPI.OVRL","LIC",2016,46.2,"17.18.1"
"IQ.SPI.OVRL","UMC",2023,68.4,"17.18.1"
"IQ.SPI.OVRL","SSF",2024,,"17.18.1"
"IQ.SPI.OVRL","WLD",2010,,"17.18.1"
"IQ.SPI.OVRL","LIC",2017,46.7,"17.18.1"
"IQ.SPI.OVRL","UMC",2024,69.3,"17.18.1"
"IQ.SPI.OVRL","SSF",2025,,"17.18.1"
"IQ.SPI.OVRL","WLD",2011,,"17.18.1"
"IQ.SPI.OVRL","LIC",2018,48.7,"17.18.1"
"IQ.SPI.OVRL","WLD",2012,,"17.18.1"
"IQ.SPI.OVRL","LIC",2019,48.2,"17.18.1"
"IQ.SPI.OVRL","WLD",2013,,"17.18.1"
"IQ.SPI.OVRL","LIC",2020,49.8,"17.18.1"
"IQ.SPI.OVRL","WLD",2014,,"17.18.1"
"IQ.SPI.OVRL","LIC",2021,55.2,"17.18.1"
"IQ.SPI.OVRL","WLD",2015,,"17.18.1"
"IQ.SPI.OVRL","LIC",2022,54.5,"17.18.1"
"IQ.SPI.OVRL","WLD",2016,,"17.18.1"
"IQ.SPI.OVRL","LIC",2023,55.1,"17.18.1"
"IQ.SPI.OVRL","WLD",2017,,"17.18.1"
"IQ.SPI.OVRL","LIC",2024,56,"17.18.1"
"IQ.SPI.OVRL","LMC",2010,,"17.18.1"
"IQ.SPI.OVRL","WLD",2018,,"17.18.1"
"IQ.SPI.OVRL","LIC",2025,,"17.18.1"
"IQ.SPI.OVRL","LMC",2011,,"17.18.1"
"IQ.SPI.OVRL","WLD",2019,,"17.18.1"
"IQ.SPI.OVRL","LMC",2012,,"17.18.1"
"IQ.SPI.OVRL","WLD",2020,,"17.18.1"
"IQ.SPI.OVRL","LMC",2013,,"17.18.1"
"IQ.SPI.OVRL","WLD",2021,,"17.18.1"
"IQ.SPI.OVRL","LMC",2014,,"17.18.1"
"IQ.SPI.OVRL","WLD",2022,,"17.18.1"
"IQ.SPI.OVRL","LMC",2015,,"17.18.1"
"IQ.SPI.OVRL","WLD",2023,,"17.18.1"
"IQ.SPI.OVRL","LMC",2016,51.3,"17.18.1"
"IQ.SPI.OVRL","WLD",2024,,"17.18.1"
"IQ.SPI.OVRL","LMC",2017,54.4,"17.18.1"
"IQ.SPI.OVRL","WLD",2025,,"17.18.1"
"IQ.SPI.OVRL","LMC",2018,56.6,"17.18.1"
"IQ.SPI.OVRL","LMC",2019,56.9,"17.18.1"
"IQ.SPI.OVRL","LMC",2020,59.2,"17.18.1"
"IQ.SPI.OVRL","LMC",2021,63.9,"17.18.1"
"IQ.SPI.OVRL","LMC",2022,63,"17.18.1"
"IQ.SPI.OVRL","LMC",2023,64.2,"17.18.1"
"IQ.SPI.OVRL","LMC",2024,64.1,"17.18.1"
"IQ.SPI.OVRL","LMC",2025,,"17.18.1"
"IQ.SPI.OVRL","HIC",2010,,"17.18.1"
"IQ.SPI.OVRL","HIC",2011,,"17.18.1"
"IQ.SPI.OVRL","HIC",2012,,"17.18.1"
"IQ.SPI.OVRL","HIC",2013,,"17.18.1"
"IQ.SPI.OVRL","HIC",2014,,"17.18.1"
"IQ.SPI.OVRL","HIC",2015,,"17.18.1"
"IQ.SPI.OVRL","HIC",2016,73,"17.18.1"
"IQ.SPI.OVRL","HIC",2017,74.3,"17.18.1"
"IQ.SPI.OVRL","UMC",2010,,"17.18.1"
"IQ.SPI.OVRL","HIC",2018,77.8,"17.18.1"
"IQ.SPI.OVRL","UMC",2011,,"17.18.1"
"IQ.SPI.OVRL","UMC",2012,,"17.18.1"
"IQ.SPI.OVRL","HIC",2019,78.2,"17.18.1"
"IQ.SPI.OVRL","UMC",2013,,"17.18.1"
"IQ.SPI.OVRL","HIC",2020,77.8,"17.18.1"
"IQ.SPI.OVRL","HIC",2021,82.4,"17.18.1"
"IQ.SPI.OVRL","HIC",2023,82,"17.18.1"
"IQ.SPI.OVRL","UMC",2014,,"17.18.1"
"IQ.SPI.OVRL","HIC",2024,80.9,"17.18.1"
"IQ.SPI.OVRL","HIC",2022,80.3,"17.18.1"
"IQ.SPI.OVRL","HIC",2025,,"17.18.1"
"IT.NET.USER.ZS","NAC",2025,95.6,"17.8.1"
"IT.NET.USER.ZS","NAC",2020,90.5,"17.8.1"
"IT.NET.USER.ZS","NAC",2021,91.5,"17.8.1"
"IT.NET.USER.ZS","LCN",2024,81.7,"17.8.1"
"IT.NET.USER.ZS","NAC",2022,92.6,"17.8.1"
"IT.NET.USER.ZS","LCN",2025,83.7,"17.8.1"
"IT.NET.USER.ZS","NAC",2023,93.3,"17.8.1"
"IT.NET.USER.ZS","LCN",2020,73.8,"17.8.1"
"IT.NET.USER.ZS","NAC",2024,94.4,"17.8.1"
"IT.NET.USER.ZS","LCN",2021,75.8,"17.8.1"
"IT.NET.USER.ZS","LCN",2010,34.6,"17.8.1"
"IT.NET.USER.ZS","LCN",2022,77.1,"17.8.1"
"IT.NET.USER.ZS","LCN",2011,39.3,"17.8.1"
"IT.NET.USER.ZS","LCN",2023,80,"17.8.1"
"IT.NET.USER.ZS","LCN",2012,43,"17.8.1"
"IT.NET.USER.ZS","NAC",2019,89.7,"17.8.1"
"IT.NET.USER.ZS","LCN",2013,46.1,"17.8.1"
"IT.NET.USER.ZS","LCN",2014,48.7,"17.8.1"
"IT.NET.USER.ZS","LCN",2015,54.4,"17.8.1"
"IT.NET.USER.ZS","LCN",2016,57.5,"17.8.1"
"IT.NET.USER.ZS","EAS",2010,34.2,"17.8.1"
"IT.NET.USER.ZS","LCN",2017,60.2,"17.8.1"
"IT.NET.USER.ZS","EAS",2011,37.3,"17.8.1"
"IT.NET.USER.ZS","LCN",2018,63.5,"17.8.1"
"IT.NET.USER.ZS","EAS",2012,40.4,"17.8.1"
"IT.NET.USER.ZS","LCN",2019,67.8,"17.8.1"
"IT.NET.USER.ZS","SAS",2012,10.4,"17.8.1"
"IT.NET.USER.ZS","EAS",2013,43.2,"17.8.1"
"IT.NET.USER.ZS","SAS",2013,11.7,"17.8.1"
"IT.NET.USER.ZS","EAS",2014,45.5,"17.8.1"
"IT.NET.USER.ZS","SAS",2014,13,"17.8.1"
"IT.NET.USER.ZS","EAS",2015,48.3,"17.8.1"
"IT.NET.USER.ZS","SAS",2015,14.7,"17.8.1"
"IT.NET.USER.ZS","EAS",2016,53.9,"17.8.1"
"IT.NET.USER.ZS","SAS",2016,16.7,"17.8.1"
"IT.NET.USER.ZS","EAS",2017,57.8,"17.8.1"
"IT.NET.USER.ZS","MEA",2010,18.3,"17.8.1"
"IT.NET.USER.ZS","SAS",2017,18.8,"17.8.1"
"IT.NET.USER.ZS","EAS",2018,62.5,"17.8.1"
"IT.NET.USER.ZS","MEA",2011,20.1,"17.8.1"
"IT.NET.USER.ZS","SAS",2018,20.9,"17.8.1"
"IT.NET.USER.ZS","EAS",2019,67.1,"17.8.1"
"IT.NET.USER.ZS","MEA",2012,22.4,"17.8.1"
"IT.NET.USER.ZS","SAS",2019,29.7,"17.8.1"
"IT.NET.USER.ZS","EAS",2020,73.9,"17.8.1"
"IT.NET.USER.ZS","MEA",2013,25.2,"17.8.1"
"IT.NET.USER.ZS","SAS",2020,42.5,"17.8.1"
"IT.NET.USER.ZS","EAS",2021,78.8,"17.8.1"
"IT.NET.USER.ZS","MEA",2014,28.7,"17.8.1"
"IT.NET.USER.ZS","SAS",2021,48,"17.8.1"
"IT.NET.USER.ZS","EAS",2022,82.4,"17.8.1"
"IT.NET.USER.ZS","MEA",2015,31.8,"17.8.1"
"IT.NET.USER.ZS","SAS",2022,54.2,"17.8.1"
"IT.NET.USER.ZS","EAS",2023,84.9,"17.8.1"
"IT.NET.USER.ZS","MEA",2016,35,"17.8.1"
"IT.NET.USER.ZS","SAS",2023,58.3,"17.8.1"
"IT.NET.USER.ZS","EAS",2024,86.6,"17.8.1"
"IT.NET.USER.ZS","MEA",2017,39.7,"17.8.1"
"IT.NET.USER.ZS","SAS",2024,62.8,"17.8.1"
"IT.NET.USER.ZS","EAS",2025,88.4,"17.8.1"
"IT.NET.USER.ZS","MEA",2018,42.3,"17.8.1"
"IT.NET.USER.ZS","SAS",2025,67.8,"17.8.1"
"IT.NET.USER.ZS","MEA",2019,46,"17.8.1"
"IT.NET.USER.ZS","MEA",2020,50.6,"17.8.1"
"IT.NET.USER.ZS","SAS",2010,7.1,"17.8.1"
"IT.NET.USER.ZS","MEA",2021,54.2,"17.8.1"
"IT.NET.USER.ZS","SAS",2011,9.4,"17.8.1"
"IT.NET.USER.ZS","MEA",2022,57.8,"17.8.1"
"IT.NET.USER.ZS","MEA",2023,59.5,"17.8.1"
"IT.NET.USER.ZS","SSF",2016,18.3,"17.8.1"
"IT.NET.USER.ZS","MEA",2024,61.5,"17.8.1"
"IT.NET.USER.ZS","SSF",2017,20,"17.8.1"
"IT.NET.USER.ZS","MEA",2025,63.7,"17.8.1"
"IT.NET.USER.ZS","SSF",2018,22,"17.8.1"
"IT.NET.USER.ZS","SSF",2019,24.4,"17.8.1"
"IT.NET.USER.ZS","SSF",2020,26.7,"17.8.1"
"IT.NET.USER.ZS","SSF",2021,29,"17.8.1"
"IT.NET.USER.ZS","SSF",2022,31.1,"17.8.1"
"IT.NET.USER.ZS","SSF",2023,32.3,"17.8.1"
"IT.NET.USER.ZS","SSF",2024,33.6,"17.8.1"
"IT.NET.USER.ZS","SSF",2025,35.7,"17.8.1"
"IT.NET.USER.ZS","ECS",2010,57,"17.8.1"
"IT.NET.USER.ZS","SSF",2010,6,"17.8.1"
"IT.NET.USER.ZS","ECS",2011,60.2,"17.8.1"
"IT.NET.USER.ZS","SSF",2011,7.5,"17.8.1"
"IT.NET.USER.ZS","ECS",2012,63.8,"17.8.1"
"IT.NET.USER.ZS","SSF",2012,9.2,"17.8.1"
"IT.NET.USER.ZS","ECS",2013,66.1,"17.8.1"
"IT.NET.USER.ZS","SSF",2013,11.2,"17.8.1"
"IT.NET.USER.ZS","ECS",2014,68.9,"17.8.1"
"IT.NET.USER.ZS","SSF",2014,13.4,"17.8.1"
"IT.NET.USER.ZS","ECS",2015,69.9,"17.8.1"
"IT.NET.USER.ZS","SSF",2015,16.2,"17.8.1"
"IT.NET.USER.ZS","ECS",2016,72.3,"17.8.1"
"IT.NET.USER.ZS","ECS",2017,74.5,"17.8.1"
"IT.NET.USER.ZS","NAC",2010,72.5,"17.8.1"
"IT.NET.USER.ZS","ECS",2018,78.1,"17.8.1"
"IT.NET.USER.ZS","NAC",2011,71,"17.8.1"
"IT.NET.USER.ZS","ECS",2019,80.3,"17.8.1"
"IT.NET.USER.ZS","NAC",2012,75.5,"17.8.1"
"IT.NET.USER.ZS","ECS",2020,83.4,"17.8.1"
"IT.NET.USER.ZS","NAC",2013,72.8,"17.8.1"
"IT.NET.USER.ZS","ECS",2021,86.3,"17.8.1"
"IT.NET.USER.ZS","NAC",2014,74.4,"17.8.1"
"IT.NET.USER.ZS","ECS",2022,87.9,"17.8.1"
"IT.NET.USER.ZS","NAC",2015,76.1,"17.8.1"
"IT.NET.USER.ZS","ECS",2023,89.6,"17.8.1"
"IT.NET.USER.ZS","NAC",2016,86.1,"17.8.1"
"IT.NET.USER.ZS","ECS",2024,90.9,"17.8.1"
"IT.NET.USER.ZS","NAC",2017,87.8,"17.8.1"
"IT.NET.USER.ZS","ECS",2025,92.4,"17.8.1"
"IT.NET.USER.ZS","NAC",2018,89.1,"17.8.1"
"IT.NET.USER.ZS","HIC",2015,78.3,"17.8.1"
"IT.NET.USER.ZS","HIC",2016,82.5,"17.8.1"
"IT.NET.USER.ZS","HIC",2017,84.2,"17.8.1"
"IT.NET.USER.ZS","HIC",2018,86.3,"17.8.1"
"IT.NET.USER.ZS","HIC",2019,87.5,"17.8.1"
"IT.NET.USER.ZS","HIC",2020,88.4,"17.8.1"
"IT.NET.USER.ZS","HIC",2021,90,"17.8.1"
"IT.NET.USER.ZS","HIC",2022,91,"17.8.1"
"IT.NET.USER.ZS","WLD",2019,53.9,"17.8.1"
"IT.NET.USER.ZS","HIC",2023,91.9,"17.8.1"
"IT.NET.USER.ZS","WLD",2020,60.1,"17.8.1"
"IT.NET.USER.ZS","HIC",2024,93,"17.8.1"
"IT.NET.USER.ZS","WLD",2021,63.8,"17.8.1"
"IT.NET.USER.ZS","HIC",2025,94.2,"17.8.1"
"IT.NET.USER.ZS","WLD",2022,67,"17.8.1"
"IT.NET.USER.ZS","WLD",2023,69.2,"17.8.1"
"IT.NET.USER.ZS","WLD",2024,71.2,"17.8.1"
"IT.NET.USER.ZS","HIC",2010,69,"17.8.1"
"IT.NET.USER.ZS","WLD",2025,73.6,"17.8.1"
"IT.NET.USER.ZS","HIC",2011,70.4,"17.8.1"
"IT.NET.USER.ZS","HIC",2012,73.7,"17.8.1"
"IT.NET.USER.ZS","HIC",2013,75.1,"17.8.1"
"IT.NET.USER.ZS","HIC",2014,77,"17.8.1"
"IT.NET.USER.ZS","LIC",2018,13.8,"17.8.1"
"IT.NET.USER.ZS","UMC",2025,88.8,"17.8.1"
"IT.NET.USER.ZS","WLD",2012,33.3,"17.8.1"
"IT.NET.USER.ZS","LIC",2019,16.4,"17.8.1"
"IT.NET.USER.ZS","WLD",2013,35.3,"17.8.1"
"IT.NET.USER.ZS","LIC",2020,17.6,"17.8.1"
"IT.NET.USER.ZS","WLD",2014,37.4,"17.8.1"
"IT.NET.USER.ZS","LIC",2021,19,"17.8.1"
"IT.NET.USER.ZS","WLD",2015,39.9,"17.8.1"
"IT.NET.USER.ZS","LIC",2022,21.2,"17.8.1"
"IT.NET.USER.ZS","WLD",2016,43.6,"17.8.1"
"IT.NET.USER.ZS","LIC",2023,22,"17.8.1"
"IT.NET.USER.ZS","WLD",2017,46.3,"17.8.1"
"IT.NET.USER.ZS","LIC",2024,22.5,"17.8.1"
"IT.NET.USER.ZS","LMC",2010,10.1,"17.8.1"
"IT.NET.USER.ZS","WLD",2018,49.4,"17.8.1"
"IT.NET.USER.ZS","LIC",2025,23.4,"17.8.1"
"IT.NET.USER.ZS","LMC",2011,12.2,"17.8.1"
"IT.NET.USER.ZS","UMC",2015,47.9,"17.8.1"
"IT.NET.USER.ZS","LMC",2012,13.6,"17.8.1"
"IT.NET.USER.ZS","UMC",2016,53.3,"17.8.1"
"IT.NET.USER.ZS","LMC",2013,15.2,"17.8.1"
"IT.NET.USER.ZS","LIC",2010,4.3,"17.8.1"
"IT.NET.USER.ZS","UMC",2017,57.7,"17.8.1"
"IT.NET.USER.ZS","LMC",2014,17.2,"17.8.1"
"IT.NET.USER.ZS","LIC",2011,4.9,"17.8.1"
"IT.NET.USER.ZS","UMC",2018,62.2,"17.8.1"
"IT.NET.USER.ZS","LMC",2015,19.5,"17.8.1"
"IT.NET.USER.ZS","LIC",2012,5.4,"17.8.1"
"IT.NET.USER.ZS","UMC",2019,67.5,"17.8.1"
"IT.NET.USER.ZS","LMC",2016,21.9,"17.8.1"
"IT.NET.USER.ZS","LIC",2013,6,"17.8.1"
"IT.NET.USER.ZS","UMC",2020,74.9,"17.8.1"
"IT.NET.USER.ZS","LMC",2017,24.4,"17.8.1"
"IT.NET.USER.ZS","LIC",2014,6.9,"17.8.1"
"IT.NET.USER.ZS","UMC",2021,79.4,"17.8.1"
"IT.NET.USER.ZS","LMC",2018,27.2,"17.8.1"
"IT.NET.USER.ZS","LIC",2015,7.9,"17.8.1"
"IT.NET.USER.ZS","UMC",2022,82.7,"17.8.1"
"IT.NET.USER.ZS","LMC",2019,33.4,"17.8.1"
"IT.NET.USER.ZS","LIC",2016,10,"17.8.1"
"IT.NET.USER.ZS","UMC",2023,85.3,"17.8.1"
"IT.NET.USER.ZS","WLD",2010,28.4,"17.8.1"
"IT.NET.USER.ZS","LMC",2020,42.5,"17.8.1"
"IT.NET.USER.ZS","LIC",2017,11.4,"17.8.1"
"IT.NET.USER.ZS","UMC",2024,86.9,"17.8.1"
"IT.NET.USER.ZS","WLD",2011,30.9,"17.8.1"
"IT.NET.USER.ZS","LMC",2021,47.4,"17.8.1"
"IT.NET.USER.ZS","LMC",2022,52.3,"17.8.1"
"IT.NET.USER.ZS","LMC",2023,55.4,"17.8.1"
"IT.NET.USER.ZS","LMC",2024,58.9,"17.8.1"
"IT.NET.USER.ZS","UMC",2010,30.6,"17.8.1"
"IT.NET.USER.ZS","LMC",2025,62.9,"17.8.1"
"IT.NET.USER.ZS","UMC",2011,34.5,"17.8.1"
"IT.NET.USER.ZS","UMC",2012,38.3,"17.8.1"
"IT.NET.USER.ZS","UMC",2013,41.4,"17.8.1"
"IT.NET.USER.ZS","UMC",2014,44.3,"17.8.1"
"SI.POV.DDAY","WLD",2010,18.7,"1.1.1"
"SI.POV.DDAY","WLD",2011,17,"1.1.1"
"SI.POV.DDAY","WLD",2012,15.8,"1.1.1"
"SI.POV.DDAY","WLD",2013,14.8,"1.1.1"
"SI.POV.DDAY","WLD",2014,13.8,"1.1.1"
"SI.POV.DDAY","WLD",2015,12.8,"1.1.1"
"SI.POV.DDAY","WLD",2016,12,"1.1.1"
"SI.POV.DDAY","WLD",2017,11.4,"1.1.1"
"SI.POV.DDAY","WLD",2018,10.8,"1.1.1"
"SI.POV.DDAY","WLD",2019,10.6,"1.1.1"
"SI.POV.DDAY","WLD",2020,11.3,"1.1.1"
"SI.POV.DDAY","WLD",2021,11.2,"1.1.1"
"SI.POV.DDAY","WLD",2022,10.8,"1.1.1"
"SI.POV.DDAY","WLD",2023,10.5,"1.1.1"
"SI.POV.DDAY","WLD",2024,10.3,"1.1.1"
"SI.POV.DDAY","WLD",2025,10.1,"1.1.1"
"SI.POV.DDAY","EAS",2010,14.9,"1.1.1"
"SI.POV.DDAY","ECS",2010,1.9,"1.1.1"
"SI.POV.DDAY","LCN",2010,8,"1.1.1"
"SI.POV.DDAY","MEA",2010,13.1,"1.1.1"
"SI.POV.DDAY","NAC",2010,1,"1.1.1"
"SI.POV.DDAY","SAS",2010,28.1,"1.1.1"
"SI.POV.DDAY","SSF",2010,46.9,"1.1.1"
"SI.POV.DDAY","EAS",2011,11.6,"1.1.1"
"SI.POV.DDAY","ECS",2011,1.8,"1.1.1"
"SI.POV.DDAY","LCN",2011,7.3,"1.1.1"
"SI.POV.DDAY","MEA",2011,12.9,"1.1.1"
"SI.POV.DDAY","NAC",2011,1,"1.1.1"
"SI.POV.DDAY","SAS",2011,25.6,"1.1.1"
"SI.POV.DDAY","SSF",2011,46.2,"1.1.1"
"SI.POV.DDAY","EAS",2012,9.6,"1.1.1"
"SI.POV.DDAY","ECS",2012,1.7,"1.1.1"
"SI.POV.DDAY","LCN",2012,7,"1.1.1"
"SI.POV.DDAY","MEA",2012,12.2,"1.1.1"
"SI.POV.DDAY","NAC",2012,1,"1.1.1"
"SI.POV.DDAY","SAS",2012,23.4,"1.1.1"
"SI.POV.DDAY","SSF",2012,45.2,"1.1.1"
"SI.POV.DDAY","EAS",2013,8.6,"1.1.1"
"SI.POV.DDAY","ECS",2013,1.6,"1.1.1"
"SI.POV.DDAY","LCN",2013,6.3,"1.1.1"
"SI.POV.DDAY","MEA",2013,11.5,"1.1.1"
"SI.POV.DDAY","NAC",2013,1,"1.1.1"
"SI.POV.DDAY","SAS",2013,21.1,"1.1.1"
"SI.POV.DDAY","SSF",2013,44.3,"1.1.1"
"SI.POV.DDAY","EAS",2014,7.3,"1.1.1"
"SI.POV.DDAY","ECS",2014,1.5,"1.1.1"
"SI.POV.DDAY","LCN",2014,5.8,"1.1.1"
"SI.POV.DDAY","MEA",2014,11.2,"1.1.1"
"SI.POV.DDAY","NAC",2014,1.2,"1.1.1"
"SI.POV.DDAY","SAS",2014,18.3,"1.1.1"
"SI.POV.DDAY","SSF",2014,43.6,"1.1.1"
"SI.POV.DDAY","EAS",2015,5.9,"1.1.1"
"SI.POV.DDAY","ECS",2015,1.5,"1.1.1"
"SI.POV.DDAY","LCN",2015,5.8,"1.1.1"
"SI.POV.DDAY","MEA",2015,11.2,"1.1.1"
"SI.POV.DDAY","NAC",2015,1.1,"1.1.1"
"SI.POV.DDAY","SAS",2015,15.5,"1.1.1"
"SI.POV.DDAY","SSF",2015,43.5,"1.1.1"
"SI.POV.DDAY","EAS",2016,4.9,"1.1.1"
"SI.POV.DDAY","ECS",2016,1.3,"1.1.1"
"SI.POV.DDAY","LCN",2016,6.2,"1.1.1"
"SI.POV.DDAY","MEA",2016,11,"1.1.1"
"SI.POV.DDAY","NAC",2016,1.1,"1.1.1"
"SI.POV.DDAY","SAS",2016,12.8,"1.1.1"
"SI.POV.DDAY","SSF",2016,43.8,"1.1.1"
"SI.POV.DDAY","EAS",2017,4,"1.1.1"
"SI.POV.DDAY","ECS",2017,1.2,"1.1.1"
"SI.POV.DDAY","LCN",2017,6.2,"1.1.1"
"SI.POV.DDAY","MEA",2017,10.9,"1.1.1"
"SI.POV.DDAY","NAC",2017,1.2,"1.1.1"
"SI.POV.DDAY","SAS",2017,10.8,"1.1.1"
"SI.POV.DDAY","SSF",2017,43.9,"1.1.1"
"SI.POV.DDAY","EAS",2018,3.1,"1.1.1"
"SI.POV.DDAY","ECS",2018,1,"1.1.1"
"SI.POV.DDAY","LCN",2018,6.1,"1.1.1"
"SI.POV.DDAY","MEA",2018,10.9,"1.1.1"
"SI.POV.DDAY","NAC",2018,1,"1.1.1"
"SI.POV.DDAY","SAS",2018,9.1,"1.1.1"
"SI.POV.DDAY","SSF",2018,43.7,"1.1.1"
"SI.POV.DDAY","EAS",2019,2.3,"1.1.1"
"SI.POV.DDAY","ECS",2019,0.9,"1.1.1"
"SI.POV.DDAY","LCN",2019,6.2,"1.1.1"
"SI.POV.DDAY","MEA",2019,11.7,"1.1.1"
"SI.POV.DDAY","NAC",2019,0.9,"1.1.1"
"SI.POV.DDAY","SAS",2019,8.1,"1.1.1"
"SI.POV.DDAY","SSF",2019,43.7,"1.1.1"
"SI.POV.DDAY","EAS",2020,2.4,"1.1.1"
"SI.POV.DDAY","ECS",2020,1,"1.1.1"
"SI.POV.DDAY","LCN",2020,5.9,"1.1.1"
"SI.POV.DDAY","MEA",2020,12.6,"1.1.1"
"SI.POV.DDAY","NAC",2020,0.4,"1.1.1"
"SI.POV.DDAY","SAS",2020,9.2,"1.1.1"
"SI.POV.DDAY","SSF",2020,45.8,"1.1.1"
"SI.POV.DDAY","EAS",2021,2.3,"1.1.1"
"SI.POV.DDAY","ECS",2021,0.9,"1.1.1"
"SI.POV.DDAY","LCN",2021,6.3,"1.1.1"
"SI.POV.DDAY","MEA",2021,13.5,"1.1.1"
"SI.POV.DDAY","NAC",2021,0.3,"1.1.1"
"SI.POV.DDAY","SAS",2021,7.8,"1.1.1"
"SI.POV.DDAY","SSF",2021,46.1,"1.1.1"
"SI.POV.DDAY","EAS",2022,2.1,"1.1.1"
"SI.POV.DDAY","ECS",2022,0.8,"1.1.1"
"SI.POV.DDAY","LCN",2022,5.1,"1.1.1"
"SI.POV.DDAY","MEA",2022,13.5,"1.1.1"
"SI.POV.DDAY","NAC",2022,1.3,"1.1.1"
"SI.POV.DDAY","SAS",2022,6.2,"1.1.1"
"SI.POV.DDAY","SSF",2022,45.6,"1.1.1"
"SI.POV.DDAY","EAS",2023,1.9,"1.1.1"
"SI.POV.DDAY","ECS",2023,0.7,"1.1.1"
"SI.POV.DDAY","LCN",2023,4.6,"1.1.1"
"SI.POV.DDAY","MEA",2023,13.9,"1.1.1"
"SI.POV.DDAY","NAC",2023,1.1,"1.1.1"
"SI.POV.DDAY","SAS",2023,4.7,"1.1.1"
"SI.POV.DDAY","SSF",2023,45.6,"1.1.1"
"SI.POV.DDAY","EAS",2024,1.7,"1.1.1"
"SI.POV.DDAY","ECS",2024,0.6,"1.1.1"
"SI.POV.DDAY","LCN",2024,4.3,"1.1.1"
"SI.POV.DDAY","MEA",2024,14.4,"1.1.1"
"SI.POV.DDAY","NAC",2024,1,"1.1.1"
"SI.POV.DDAY","SAS",2024,3.8,"1.1.1"
"SI.POV.DDAY","SSF",2024,45.1,"1.1.1"
"SI.POV.DDAY","EAS",2025,1.5,"1.1.1"
"SI.POV.DDAY","ECS",2025,0.5,"1.1.1"
"SI.POV.DDAY","LCN",2025,4.1,"1.1.1"
"SI.POV.DDAY","MEA",2025,14.7,"1.1.1"
"SI.POV.DDAY","NAC",2025,1,"1.1.1"
"SI.POV.DDAY","SAS",2025,3,"1.1.1"
"SI.POV.DDAY","SSF",2025,44.2,"1.1.1"
"SI.POV.DDAY","HIC",2010,0.8,"1.1.1"
"SI.POV.DDAY","LIC",2010,50.1,"1.1.1"
"SI.POV.DDAY","LMC",2010,27.3,"1.1.1"
"SI.POV.DDAY","UMC",2010,13,"1.1.1"
"SI.POV.DDAY","HIC",2011,0.8,"1.1.1"
"SI.POV.DDAY","LIC",2011,50.1,"1.1.1"
"SI.POV.DDAY","LMC",2011,25.5,"1.1.1"
"SI.POV.DDAY","UMC",2011,10.1,"1.1.1"
"SI.POV.DDAY","HIC",2012,0.9,"1.1.1"
"SI.POV.DDAY","LIC",2012,49.3,"1.1.1"
"SI.POV.DDAY","LMC",2012,23.8,"1.1.1"
"SI.POV.DDAY","UMC",2012,8.4,"1.1.1"
"SI.POV.DDAY","HIC",2013,0.8,"1.1.1"
"SI.POV.DDAY","LIC",2013,48.8,"1.1.1"
"SI.POV.DDAY","LMC",2013,22,"1.1.1"
"SI.POV.DDAY","UMC",2013,7.5,"1.1.1"
"SI.POV.DDAY","HIC",2014,0.8,"1.1.1"
"SI.POV.DDAY","LIC",2014,48.7,"1.1.1"
"SI.POV.DDAY","LMC",2014,19.9,"1.1.1"
"SI.POV.DDAY","UMC",2014,6.5,"1.1.1"
"SI.POV.DDAY","HIC",2015,0.8,"1.1.1"
"SI.POV.DDAY","LIC",2015,49.5,"1.1.1"
"SI.POV.DDAY","LMC",2015,18,"1.1.1"
"SI.POV.DDAY","UMC",2015,5.5,"1.1.1"
"SI.POV.DDAY","HIC",2016,0.8,"1.1.1"
"SI.POV.DDAY","LIC",2016,50,"1.1.1"
"SI.POV.DDAY","LMC",2016,16.4,"1.1.1"
"SI.POV.DDAY","UMC",2016,4.8,"1.1.1"
"SI.POV.DDAY","HIC",2017,0.7,"1.1.1"
"SI.POV.DDAY","LIC",2017,50.2,"1.1.1"
"SI.POV.DDAY","LMC",2017,15.1,"1.1.1"
"SI.POV.DDAY","UMC",2017,4.2,"1.1.1"
"SI.POV.DDAY","HIC",2018,0.7,"1.1.1"
"SI.POV.DDAY","LIC",2018,50.1,"1.1.1"
"SI.POV.DDAY","LMC",2018,14.1,"1.1.1"
"SI.POV.DDAY","UMC",2018,3.4,"1.1.1"
"SI.POV.DDAY","HIC",2019,0.7,"1.1.1"
"SI.POV.DDAY","LIC",2019,50.2,"1.1.1"
"SI.POV.DDAY","LMC",2019,13.6,"1.1.1"
"SI.POV.DDAY","UMC",2019,2.9,"1.1.1"
"SI.POV.DDAY","HIC",2020,0.5,"1.1.1"
"SI.POV.DDAY","LIC",2020,52.1,"1.1.1"
"SI.POV.DDAY","LMC",2020,15,"1.1.1"
"SI.POV.DDAY","UMC",2020,2.7,"1.1.1"
"SI.POV.DDAY","HIC",2021,0.5,"1.1.1"
"SI.POV.DDAY","LIC",2021,53,"1.1.1"
"SI.POV.DDAY","LMC",2021,14.5,"1.1.1"
"SI.POV.DDAY","UMC",2021,2.7,"1.1.1"
"SI.POV.DDAY","HIC",2022,0.7,"1.1.1"
"SI.POV.DDAY","LIC",2022,52.3,"1.1.1"
"SI.POV.DDAY","LMC",2022,13.6,"1.1.1"
"SI.POV.DDAY","UMC",2022,2.2,"1.1.1"
"SI.POV.DDAY","HIC",2023,0.6,"1.1.1"
"SI.POV.DDAY","LIC",2023,52.7,"1.1.1"
"SI.POV.DDAY","LMC",2023,12.8,"1.1.1"
"SI.POV.DDAY","UMC",2023,2,"1.1.1"
"SI.POV.DDAY","HIC",2024,0.6,"1.1.1"
"SI.POV.DDAY","LIC",2024,52.5,"1.1.1"
"SI.POV.DDAY","LMC",2024,12.3,"1.1.1"
"SI.POV.DDAY","UMC",2024,1.8,"1.1.1"
"SI.POV.DDAY","HIC",2025,0.6,"1.1.1"
"SI.POV.DDAY","LIC",2025,51.8,"1.1.1"
"SI.POV.DDAY","LMC",2025,11.8,"1.1.1"
"SI.POV.DDAY","UMC",2025,1.6,"1.1.1"
"SI.SPR.PGAP","NAC",2025,,"10.1.1"
"SI.SPR.PGAP","NAC",2021,0.7,"10.1.1"
"SI.SPR.PGAP","NAC",2020,0.7,"10.1.1"
"SI.SPR.PGAP","NAC",2022,1.4,"10.1.1"
"SI.SPR.PGAP","NAC",2023,1.3,"10.1.1"
"SI.SPR.PGAP","NAC",2024,1.2,"10.1.1"
"SI.SPR.PGAP","NAC",2019,1.1,"10.1.1"
"SI.SPR.PGAP","LCN",2020,3.6,"10.1.1"
"SI.SPR.PGAP","LCN",2021,3.6,"10.1.1"
"SI.SPR.PGAP","LCN",2022,3.3,"10.1.1"
"SI.SPR.PGAP","LCN",2023,3.2,"10.1.1"
"SI.SPR.PGAP","LCN",2024,3.1,"10.1.1"
"SI.SPR.PGAP","LCN",2025,,"10.1.1"
"SI.SPR.PGAP","LCN",2010,4.3,"10.1.1"
"SI.SPR.PGAP","WLD",2010,6.3,"10.1.1"
"SI.SPR.PGAP","LCN",2011,4.2,"10.1.1"
"SI.SPR.PGAP","WLD",2011,6,"10.1.1"
"SI.SPR.PGAP","LCN",2012,4,"10.1.1"
"SI.SPR.PGAP","WLD",2012,5.8,"10.1.1"
"SI.SPR.PGAP","LCN",2013,3.8,"10.1.1"
"SI.SPR.PGAP","WLD",2013,5.5,"10.1.1"
"SI.SPR.PGAP","LCN",2014,3.8,"10.1.1"
"SI.SPR.PGAP","WLD",2014,5.3,"10.1.1"
"SI.SPR.PGAP","LCN",2015,3.6,"10.1.1"
"SI.SPR.PGAP","WLD",2015,5.2,"10.1.1"
"SI.SPR.PGAP","LCN",2016,3.6,"10.1.1"
"SI.SPR.PGAP","WLD",2016,5.1,"10.1.1"
"SI.SPR.PGAP","EAS",2010,5.8,"10.1.1"
"SI.SPR.PGAP","LCN",2017,3.6,"10.1.1"
"SI.SPR.PGAP","WLD",2017,5,"10.1.1"
"SI.SPR.PGAP","EAS",2011,5.3,"10.1.1"
"SI.SPR.PGAP","LCN",2018,3.6,"10.1.1"
"SI.SPR.PGAP","WLD",2018,4.9,"10.1.1"
"SI.SPR.PGAP","EAS",2012,4.9,"10.1.1"
"SI.SPR.PGAP","LCN",2019,3.6,"10.1.1"
"SI.SPR.PGAP","SAS",2012,7.5,"10.1.1"
"SI.SPR.PGAP","WLD",2019,,"10.1.1"
"SI.SPR.PGAP","EAS",2013,4.3,"10.1.1"
"SI.SPR.PGAP","SAS",2013,7.2,"10.1.1"
"SI.SPR.PGAP","WLD",2020,5,"10.1.1"
"SI.SPR.PGAP","EAS",2014,4.1,"10.1.1"
"SI.SPR.PGAP","SAS",2014,7,"10.1.1"
"SI.SPR.PGAP","WLD",2021,4.9,"10.1.1"
"SI.SPR.PGAP","EAS",2015,3.8,"10.1.1"
"SI.SPR.PGAP","SAS",2015,,"10.1.1"
"SI.SPR.PGAP","WLD",2022,4.8,"10.1.1"
"SI.SPR.PGAP","EAS",2016,3.6,"10.1.1"
"SI.SPR.PGAP","SAS",2016,,"10.1.1"
"SI.SPR.PGAP","WLD",2023,4.7,"10.1.1"
"SI.SPR.PGAP","EAS",2017,3.4,"10.1.1"
"SI.SPR.PGAP","SAS",2017,,"10.1.1"
"SI.SPR.PGAP","WLD",2024,4.6,"10.1.1"
"SI.SPR.PGAP","EAS",2018,3.2,"10.1.1"
"SI.SPR.PGAP","SAS",2018,,"10.1.1"
"SI.SPR.PGAP","WLD",2025,,"10.1.1"
"SI.SPR.PGAP","EAS",2019,3.1,"10.1.1"
"SI.SPR.PGAP","SAS",2019,,"10.1.1"
"SI.SPR.PGAP","EAS",2020,3.1,"10.1.1"
"SI.SPR.PGAP","SAS",2020,5.9,"10.1.1"
"SI.SPR.PGAP","EAS",2021,2.9,"10.1.1"
"SI.SPR.PGAP","SAS",2021,5.7,"10.1.1"
"SI.SPR.PGAP","EAS",2022,2.9,"10.1.1"
"SI.SPR.PGAP","SAS",2022,5.4,"10.1.1"
"SI.SPR.PGAP","EAS",2023,2.8,"10.1.1"
"SI.SPR.PGAP","SAS",2023,5.2,"10.1.1"
"SI.SPR.PGAP","EAS",2024,2.7,"10.1.1"
"SI.SPR.PGAP","SAS",2024,5,"10.1.1"
"SI.SPR.PGAP","EAS",2025,,"10.1.1"
"SI.SPR.PGAP","SAS",2025,,"10.1.1"
"SI.SPR.PGAP","SAS",2010,8,"10.1.1"
"SI.SPR.PGAP","SAS",2011,7.7,"10.1.1"
"SI.SPR.PGAP","MEA",2010,5.2,"10.1.1"
"SI.SPR.PGAP","MEA",2011,5.2,"10.1.1"
"SI.SPR.PGAP","MEA",2012,5.1,"10.1.1"
"SI.SPR.PGAP","MEA",2013,5,"10.1.1"
"SI.SPR.PGAP","MEA",2014,5,"10.1.1"
"SI.SPR.PGAP","MEA",2015,5,"10.1.1"
"SI.SPR.PGAP","MEA",2016,5,"10.1.1"
"SI.SPR.PGAP","ECS",2010,2.4,"10.1.1"
"SI.SPR.PGAP","MEA",2017,5,"10.1.1"
"SI.SPR.PGAP","SSF",2010,12.6,"10.1.1"
"SI.SPR.PGAP","ECS",2011,2.3,"10.1.1"
"SI.SPR.PGAP","MEA",2018,5,"10.1.1"
"SI.SPR.PGAP","SSF",2011,12.3,"10.1.1"
"SI.SPR.PGAP","ECS",2012,2.3,"10.1.1"
"SI.SPR.PGAP","MEA",2019,5.1,"10.1.1"
"SI.SPR.PGAP","SSF",2012,11.9,"10.1.1"
"SI.SPR.PGAP","ECS",2013,1.8,"10.1.1"
"SI.SPR.PGAP","MEA",2020,5.3,"10.1.1"
"SI.SPR.PGAP","SSF",2013,11.6,"10.1.1"
"SI.SPR.PGAP","ECS",2014,1.8,"10.1.1"
"SI.SPR.PGAP","MEA",2021,5.4,"10.1.1"
"SI.SPR.PGAP","SSF",2014,11.5,"10.1.1"
"SI.SPR.PGAP","ECS",2015,1.8,"10.1.1"
"SI.SPR.PGAP","MEA",2022,5.3,"10.1.1"
"SI.SPR.PGAP","SSF",2015,11.6,"10.1.1"
"SI.SPR.PGAP","HIC",2022,1.1,"10.1.1"
"SI.SPR.PGAP","ECS",2016,1.8,"10.1.1"
"SI.SPR.PGAP","MEA",2023,5.4,"10.1.1"
"SI.SPR.PGAP","SSF",2016,11.6,"10.1.1"
"SI.SPR.PGAP","HIC",2023,1.1,"10.1.1"
"SI.SPR.PGAP","ECS",2017,1.7,"10.1.1"
"SI.SPR.PGAP","MEA",2024,5.4,"10.1.1"
"SI.SPR.PGAP","SSF",2017,11.5,"10.1.1"
"SI.SPR.PGAP","HIC",2024,1,"10.1.1"
"SI.SPR.PGAP","ECS",2018,1.6,"10.1.1"
"SI.SPR.PGAP","MEA",2025,,"10.1.1"
"SI.SPR.PGAP","SSF",2018,11.4,"10.1.1"
"SI.SPR.PGAP","HIC",2025,,"10.1.1"
"SI.SPR.PGAP","ECS",2019,1.6,"10.1.1"
"SI.SPR.PGAP","SSF",2019,11.4,"10.1.1"
"SI.SPR.PGAP","ECS",2020,1.6,"10.1.1"
"SI.SPR.PGAP","SSF",2020,11.9,"10.1.1"
"SI.SPR.PGAP","HIC",2010,1.3,"10.1.1"
"SI.SPR.PGAP","ECS",2021,1.5,"10.1.1"
"SI.SPR.PGAP","SSF",2021,11.9,"10.1.1"
"SI.SPR.PGAP","HIC",2011,1.3,"10.1.1"
"SI.SPR.PGAP","ECS",2022,1.4,"10.1.1"
"SI.SPR.PGAP","SSF",2022,11.7,"10.1.1"
"SI.SPR.PGAP","HIC",2012,1.3,"10.1.1"
"SI.SPR.PGAP","ECS",2023,1.3,"10.1.1"
"SI.SPR.PGAP","SSF",2023,11.6,"10.1.1"
"SI.SPR.PGAP","HIC",2013,1.2,"10.1.1"
"SI.SPR.PGAP","ECS",2024,1.3,"10.1.1"
"SI.SPR.PGAP","SSF",2024,11.5,"10.1.1"
"SI.SPR.PGAP","HIC",2014,1.3,"10.1.1"
"SI.SPR.PGAP","ECS",2025,,"10.1.1"
"SI.SPR.PGAP","SSF",2025,,"10.1.1"
"SI.SPR.PGAP","HIC",2015,1.2,"10.1.1"
"SI.SPR.PGAP","HIC",2016,1.2,"10.1.1"
"SI.SPR.PGAP","HIC",2017,1.2,"10.1.1"
"SI.SPR.PGAP","HIC",2018,1.2,"10.1.1"
"SI.SPR.PGAP","HIC",2019,1.1,"10.1.1"
"SI.SPR.PGAP","HIC",2020,1,"10.1.1"
"SI.SPR.PGAP","HIC",2021,0.9,"10.1.1"
"SI.SPR.PGAP","NAC",2010,1.3,"10.1.1"
"SI.SPR.PGAP","NAC",2011,1.3,"10.1.1"
"SI.SPR.PGAP","NAC",2012,1.3,"10.1.1"
"SI.SPR.PGAP","NAC",2013,1.3,"10.1.1"
"SI.SPR.PGAP","NAC",2014,1.4,"10.1.1"
"SI.SPR.PGAP","NAC",2015,1.3,"10.1.1"
"SI.SPR.PGAP","NAC",2016,1.3,"10.1.1"
"SI.SPR.PGAP","NAC",2017,1.4,"10.1.1"
"SI.SPR.PGAP","NAC",2018,1.2,"10.1.1"
"SI.SPR.PGAP","LIC",2019,,"10.1.1"
"SI.SPR.PGAP","LIC",2020,14.6,"10.1.1"
"SI.SPR.PGAP","LIC",2021,14.6,"10.1.1"
"SI.SPR.PGAP","LIC",2022,14.3,"10.1.1"
"SI.SPR.PGAP","LIC",2023,14.3,"10.1.1"
"SI.SPR.PGAP","LIC",2024,,"10.1.1"
"SI.SPR.PGAP","LIC",2025,,"10.1.1"
"SI.SPR.PGAP","LIC",2010,14.7,"10.1.1"
"SI.SPR.PGAP","LIC",2011,14.4,"10.1.1"
"SI.SPR.PGAP","LIC",2012,13.8,"10.1.1"
"SI.SPR.PGAP","LIC",2013,13.5,"10.1.1"
"SI.SPR.PGAP","LIC",2014,13.4,"10.1.1"
"SI.SPR.PGAP","LIC",2015,13.6,"10.1.1"
"SI.SPR.PGAP","LIC",2016,13.8,"10.1.1"
"SI.SPR.PGAP","LIC",2017,13.9,"10.1.1"
"SI.SPR.PGAP","LIC",2018,,"10.1.1"
"SI.SPR.PGAP","LMC",2010,8.1,"10.1.1"
"SI.SPR.PGAP","UMC",2025,,"10.1.1"
"SI.SPR.PGAP","LMC",2022,6.2,"10.1.1"
"SI.SPR.PGAP","LMC",2011,7.9,"10.1.1"
"SI.SPR.PGAP","LMC",2017,,"10.1.1"
"SI.SPR.PGAP","LMC",2023,6.1,"10.1.1"
"SI.SPR.PGAP","LMC",2012,7.7,"10.1.1"
"SI.SPR.PGAP","LMC",2018,,"10.1.1"
"SI.SPR.PGAP","LMC",2024,5.9,"10.1.1"
"SI.SPR.PGAP","UMC",2010,5.5,"10.1.1"
"SI.SPR.PGAP","LMC",2013,7.3,"10.1.1"
"SI.SPR.PGAP","LMC",2019,,"10.1.1"
"SI.SPR.PGAP","LMC",2025,,"10.1.1"
"SI.SPR.PGAP","UMC",2011,5.1,"10.1.1"
"SI.SPR.PGAP","LMC",2014,7.1,"10.1.1"
"SI.SPR.PGAP","LMC",2020,6.5,"10.1.1"
"SI.SPR.PGAP","UMC",2012,4.7,"10.1.1"
"SI.SPR.PGAP","LMC",2015,,"10.1.1"
"SI.SPR.PGAP","LMC",2021,6.4,"10.1.1"
"SI.SPR.PGAP","UMC",2013,4.2,"10.1.1"
"SI.SPR.PGAP","UMC",2015,3.8,"10.1.1"
"SI.SPR.PGAP","UMC",2019,3.2,"10.1.1"
"SI.SPR.PGAP","LMC",2016,,"10.1.1"
"SI.SPR.PGAP","UMC",2014,4,"10.1.1"
"SI.SPR.PGAP","UMC",2016,3.6,"10.1.1"
"SI.SPR.PGAP","UMC",2020,3.2,"10.1.1"
"SI.SPR.PGAP","UMC",2022,2.9,"10.1.1"
"SI.SPR.PGAP","UMC",2018,3.3,"10.1.1"
"SI.SPR.PGAP","UMC",2017,3.5,"10.1.1"
"SI.SPR.PGAP","UMC",2021,3,"10.1.1"
"SI.SPR.PGAP","UMC",2023,2.8,"10.1.1"
"SI.SPR.PGAP","UMC",2024,2.7,"10.1.1"
"SL.TLF.ACTI.FE.ZS","NAC",2025,69.8,"8.5.1"
"SL.TLF.ACTI.FE.ZS","NAC",2020,67.4,"8.5.1"
"SL.TLF.ACTI.FE.ZS","NAC",2021,67.9,"8.5.1"
"SL.TLF.ACTI.FE.ZS","NAC",2023,69.6,"8.5.1"
"SL.TLF.ACTI.FE.ZS","NAC",2022,68.7,"8.5.1"
"SL.TLF.ACTI.FE.ZS","NAC",2024,69.8,"8.5.1"
"SL.TLF.ACTI.FE.ZS","LIC",2013,56,"8.5.1"
"SL.TLF.ACTI.FE.ZS","LIC",2014,55.2,"8.5.1"
"SL.TLF.ACTI.FE.ZS","LIC",2015,54.9,"8.5.1"
"SL.TLF.ACTI.FE.ZS","LIC",2010,56.2,"8.5.1"
"SL.TLF.ACTI.FE.ZS","LIC",2016,54.4,"8.5.1"
"SL.TLF.ACTI.FE.ZS","LCN",2010,55.2,"8.5.1"
"SL.TLF.ACTI.FE.ZS","LIC",2011,56.5,"8.5.1"
"SL.TLF.ACTI.FE.ZS","LIC",2017,53.8,"8.5.1"
"SL.TLF.ACTI.FE.ZS","LCN",2011,54.9,"8.5.1"
"SL.TLF.ACTI.FE.ZS","LIC",2012,55,"8.5.1"
"SL.TLF.ACTI.FE.ZS","LIC",2018,53.5,"8.5.1"
"SL.TLF.ACTI.FE.ZS","LCN",2012,55.3,"8.5.1"
"SL.TLF.ACTI.FE.ZS","NAC",2019,68.5,"8.5.1"
"SL.TLF.ACTI.FE.ZS","LIC",2019,53.1,"8.5.1"
"SL.TLF.ACTI.FE.ZS","LCN",2013,55.3,"8.5.1"
"SL.TLF.ACTI.FE.ZS","LIC",2020,52.5,"8.5.1"
"SL.TLF.ACTI.FE.ZS","LCN",2014,55.1,"8.5.1"
"SL.TLF.ACTI.FE.ZS","LIC",2021,52.4,"8.5.1"
"SL.TLF.ACTI.FE.ZS","LCN",2015,55.5,"8.5.1"
"SL.TLF.ACTI.FE.ZS","LIC",2022,52,"8.5.1"
"SL.TLF.ACTI.FE.ZS","LCN",2016,55.8,"8.5.1"
"SL.TLF.ACTI.FE.ZS","LIC",2023,55.6,"8.5.1"
"SL.TLF.ACTI.FE.ZS","LCN",2017,56.2,"8.5.1"
"SL.TLF.ACTI.FE.ZS","LIC",2024,55.1,"8.5.1"
"SL.TLF.ACTI.FE.ZS","LCN",2018,56.7,"8.5.1"
"SL.TLF.ACTI.FE.ZS","LIC",2025,55,"8.5.1"
"SL.TLF.ACTI.FE.ZS","LCN",2019,57.4,"8.5.1"
"SL.TLF.ACTI.FE.ZS","LCN",2020,53.1,"8.5.1"
"SL.TLF.ACTI.FE.ZS","LCN",2021,56,"8.5.1"
"SL.TLF.ACTI.FE.ZS","LCN",2022,57,"8.5.1"
"SL.TLF.ACTI.FE.ZS","LCN",2023,57.2,"8.5.1"
"SL.TLF.ACTI.FE.ZS","LCN",2024,57.5,"8.5.1"
"SL.TLF.ACTI.FE.ZS","LCN",2025,57.7,"8.5.1"
"SL.TLF.ACTI.FE.ZS","WLD",2010,54.2,"8.5.1"
"SL.TLF.ACTI.FE.ZS","WLD",2011,54,"8.5.1"
"SL.TLF.ACTI.FE.ZS","WLD",2012,53.8,"8.5.1"
"SL.TLF.ACTI.FE.ZS","WLD",2013,53.7,"8.5.1"
"SL.TLF.ACTI.FE.ZS","WLD",2014,53.6,"8.5.1"
"SL.TLF.ACTI.FE.ZS","WLD",2015,53.6,"8.5.1"
"SL.TLF.ACTI.FE.ZS","WLD",2016,53.6,"8.5.1"
"SL.TLF.ACTI.FE.ZS","EAS",2010,66.4,"8.5.1"
"SL.TLF.ACTI.FE.ZS","WLD",2017,53.6,"8.5.1"
"SL.TLF.ACTI.FE.ZS","EAS",2011,66.6,"8.5.1"
"SL.TLF.ACTI.FE.ZS","WLD",2018,53.6,"8.5.1"
"SL.TLF.ACTI.FE.ZS","EAS",2012,66.5,"8.5.1"
"SL.TLF.ACTI.FE.ZS","SAS",2012,29.1,"8.5.1"
"SL.TLF.ACTI.FE.ZS","WLD",2019,53.7,"8.5.1"
"SL.TLF.ACTI.FE.ZS","EAS",2013,66.3,"8.5.1"
"SL.TLF.ACTI.FE.ZS","SAS",2013,29,"8.5.1"
"SL.TLF.ACTI.FE.ZS","WLD",2020,52.4,"8.5.1"
"SL.TLF.ACTI.FE.ZS","EAS",2014,66.5,"8.5.1"
"SL.TLF.ACTI.FE.ZS","SAS",2014,29,"8.5.1"
"SL.TLF.ACTI.FE.ZS","WLD",2021,53.5,"8.5.1"
"SL.TLF.ACTI.FE.ZS","EAS",2015,66.5,"8.5.1"
"SL.TLF.ACTI.FE.ZS","SAS",2015,29.1,"8.5.1"
"SL.TLF.ACTI.FE.ZS","WLD",2022,54,"8.5.1"
"SL.TLF.ACTI.FE.ZS","EAS",2016,66.6,"8.5.1"
"SL.TLF.ACTI.FE.ZS","SAS",2016,29.1,"8.5.1"
"SL.TLF.ACTI.FE.ZS","WLD",2023,55,"8.5.1"
"SL.TLF.ACTI.FE.ZS","EAS",2017,66.6,"8.5.1"
"SL.TLF.ACTI.FE.ZS","SAS",2017,29.5,"8.5.1"
"SL.TLF.ACTI.FE.ZS","WLD",2024,55.1,"8.5.1"
"SL.TLF.ACTI.FE.ZS","EAS",2018,66.9,"8.5.1"
"SL.TLF.ACTI.FE.ZS","SAS",2018,29.7,"8.5.1"
"SL.TLF.ACTI.FE.ZS","WLD",2025,55.1,"8.5.1"
"SL.TLF.ACTI.FE.ZS","EAS",2019,67,"8.5.1"
"SL.TLF.ACTI.FE.ZS","SAS",2019,29.9,"8.5.1"
"SL.TLF.ACTI.FE.ZS","EAS",2020,65.8,"8.5.1"
"SL.TLF.ACTI.FE.ZS","SAS",2020,29.5,"8.5.1"
"SL.TLF.ACTI.FE.ZS","EAS",2021,66.9,"8.5.1"
"SL.TLF.ACTI.FE.ZS","SAS",2021,31.4,"8.5.1"
"SL.TLF.ACTI.FE.ZS","EAS",2022,66.9,"8.5.1"
"SL.TLF.ACTI.FE.ZS","SAS",2022,33.1,"8.5.1"
"SL.TLF.ACTI.FE.ZS","EAS",2023,67.4,"8.5.1"
"SL.TLF.ACTI.FE.ZS","SAS",2023,34.4,"8.5.1"
"SL.TLF.ACTI.FE.ZS","EAS",2024,67.1,"8.5.1"
"SL.TLF.ACTI.FE.ZS","SAS",2024,35.4,"8.5.1"
"SL.TLF.ACTI.FE.ZS","EAS",2025,67,"8.5.1"
"SL.TLF.ACTI.FE.ZS","SAS",2025,35.5,"8.5.1"
"SL.TLF.ACTI.FE.ZS","SAS",2010,30.8,"8.5.1"
"SL.TLF.ACTI.FE.ZS","LMC",2010,39.9,"8.5.1"
"SL.TLF.ACTI.FE.ZS","SAS",2011,30,"8.5.1"
"SL.TLF.ACTI.FE.ZS","LMC",2011,39.4,"8.5.1"
"SL.TLF.ACTI.FE.ZS","LMC",2012,38.9,"8.5.1"
"SL.TLF.ACTI.FE.ZS","LMC",2013,38.9,"8.5.1"
"SL.TLF.ACTI.FE.ZS","LMC",2014,39,"8.5.1"
"SL.TLF.ACTI.FE.ZS","LMC",2015,39.1,"8.5.1"
"SL.TLF.ACTI.FE.ZS","LMC",2016,39,"8.5.1"
"SL.TLF.ACTI.FE.ZS","MEA",2010,21.3,"8.5.1"
"SL.TLF.ACTI.FE.ZS","LMC",2017,39,"8.5.1"
"SL.TLF.ACTI.FE.ZS","MEA",2011,21.2,"8.5.1"
"SL.TLF.ACTI.FE.ZS","LMC",2018,39,"8.5.1"
"SL.TLF.ACTI.FE.ZS","MEA",2012,21.4,"8.5.1"
"SL.TLF.ACTI.FE.ZS","LMC",2019,39.1,"8.5.1"
"SL.TLF.ACTI.FE.ZS","MEA",2013,21.5,"8.5.1"
"SL.TLF.ACTI.FE.ZS","LMC",2020,38.4,"8.5.1"
"SL.TLF.ACTI.FE.ZS","MEA",2014,21.7,"8.5.1"
"SL.TLF.ACTI.FE.ZS","LMC",2021,39.7,"8.5.1"
"SL.TLF.ACTI.FE.ZS","MEA",2015,22.4,"8.5.1"
"SL.TLF.ACTI.FE.ZS","LMC",2022,41.1,"8.5.1"
"SL.TLF.ACTI.FE.ZS","MEA",2016,22.5,"8.5.1"
"SL.TLF.ACTI.FE.ZS","LMC",2023,42.3,"8.5.1"
"SL.TLF.ACTI.FE.ZS","MEA",2017,22,"8.5.1"
"SL.TLF.ACTI.FE.ZS","LMC",2024,43,"8.5.1"
"SL.TLF.ACTI.FE.ZS","MEA",2018,21.2,"8.5.1"
"SL.TLF.ACTI.FE.ZS","LMC",2025,43.1,"8.5.1"
"SL.TLF.ACTI.FE.ZS","MEA",2019,21.4,"8.5.1"
"SL.TLF.ACTI.FE.ZS","MEA",2020,20.6,"8.5.1"
"SL.TLF.ACTI.FE.ZS","MEA",2021,21,"8.5.1"
"SL.TLF.ACTI.FE.ZS","MEA",2022,20.6,"8.5.1"
"SL.TLF.ACTI.FE.ZS","HIC",2022,68.7,"8.5.1"
"SL.TLF.ACTI.FE.ZS","MEA",2023,21.2,"8.5.1"
"SL.TLF.ACTI.FE.ZS","HIC",2023,69.4,"8.5.1"
"SL.TLF.ACTI.FE.ZS","MEA",2024,21.2,"8.5.1"
"SL.TLF.ACTI.FE.ZS","HIC",2024,69.6,"8.5.1"
"SL.TLF.ACTI.FE.ZS","MEA",2025,21.2,"8.5.1"
"SL.TLF.ACTI.FE.ZS","HIC",2025,69.7,"8.5.1"
"SL.TLF.ACTI.FE.ZS","HIC",2010,64.1,"8.5.1"
"SL.TLF.ACTI.FE.ZS","HIC",2011,64.2,"8.5.1"
"SL.TLF.ACTI.FE.ZS","HIC",2012,64.6,"8.5.1"
"SL.TLF.ACTI.FE.ZS","HIC",2013,64.8,"8.5.1"
"SL.TLF.ACTI.FE.ZS","HIC",2014,65.2,"8.5.1"
"SL.TLF.ACTI.FE.ZS","HIC",2015,65.4,"8.5.1"
"SL.TLF.ACTI.FE.ZS","HIC",2016,65.9,"8.5.1"
"SL.TLF.ACTI.FE.ZS","ECS",2010,61.3,"8.5.1"
"SL.TLF.ACTI.FE.ZS","SSF",2010,67.5,"8.5.1"
"SL.TLF.ACTI.FE.ZS","HIC",2017,66.4,"8.5.1"
"SL.TLF.ACTI.FE.ZS","ECS",2011,61.6,"8.5.1"
"SL.TLF.ACTI.FE.ZS","SSF",2011,67.6,"8.5.1"
"SL.TLF.ACTI.FE.ZS","HIC",2018,66.9,"8.5.1"
"SL.TLF.ACTI.FE.ZS","ECS",2012,62,"8.5.1"
"SL.TLF.ACTI.FE.ZS","SSF",2012,66.9,"8.5.1"
"SL.TLF.ACTI.FE.ZS","HIC",2019,67.5,"8.5.1"
"SL.TLF.ACTI.FE.ZS","ECS",2013,62.2,"8.5.1"
"SL.TLF.ACTI.FE.ZS","SSF",2013,67.3,"8.5.1"
"SL.TLF.ACTI.FE.ZS","HIC",2020,66.9,"8.5.1"
"SL.TLF.ACTI.FE.ZS","ECS",2014,62.5,"8.5.1"
"SL.TLF.ACTI.FE.ZS","SSF",2014,66.5,"8.5.1"
"SL.TLF.ACTI.FE.ZS","HIC",2021,67.8,"8.5.1"
"SL.TLF.ACTI.FE.ZS","ECS",2015,62.7,"8.5.1"
"SL.TLF.ACTI.FE.ZS","SSF",2015,66.1,"8.5.1"
"SL.TLF.ACTI.FE.ZS","ECS",2016,63.2,"8.5.1"
"SL.TLF.ACTI.FE.ZS","SSF",2016,65.7,"8.5.1"
"SL.TLF.ACTI.FE.ZS","ECS",2017,63.5,"8.5.1"
"SL.TLF.ACTI.FE.ZS","SSF",2017,65,"8.5.1"
"SL.TLF.ACTI.FE.ZS","ECS",2018,63.8,"8.5.1"
"SL.TLF.ACTI.FE.ZS","SSF",2018,64.5,"8.5.1"
"SL.TLF.ACTI.FE.ZS","ECS",2019,64,"8.5.1"
"SL.TLF.ACTI.FE.ZS","SSF",2019,64,"8.5.1"
"SL.TLF.ACTI.FE.ZS","ECS",2020,63.3,"8.5.1"
"SL.TLF.ACTI.FE.ZS","SSF",2020,62.7,"8.5.1"
"SL.TLF.ACTI.FE.ZS","ECS",2021,64.3,"8.5.1"
"SL.TLF.ACTI.FE.ZS","SSF",2021,63,"8.5.1"
"SL.TLF.ACTI.FE.ZS","ECS",2022,65.4,"8.5.1"
"SL.TLF.ACTI.FE.ZS","SSF",2022,63.6,"8.5.1"
"SL.TLF.ACTI.FE.ZS","ECS",2023,66,"8.5.1"
"SL.TLF.ACTI.FE.ZS","SSF",2023,66.7,"8.5.1"
"SL.TLF.ACTI.FE.ZS","ECS",2024,66.3,"8.5.1"
"SL.TLF.ACTI.FE.ZS","SSF",2024,66.8,"8.5.1"
"SL.TLF.ACTI.FE.ZS","ECS",2025,66.3,"8.5.1"
"SL.TLF.ACTI.FE.ZS","SSF",2025,66.7,"8.5.1"
"SL.TLF.ACTI.FE.ZS","UMC",2010,60.7,"8.5.1"
"SL.TLF.ACTI.FE.ZS","UMC",2011,60.7,"8.5.1"
"SL.TLF.ACTI.FE.ZS","UMC",2012,60.8,"8.5.1"
"SL.TLF.ACTI.FE.ZS","UMC",2013,60.4,"8.5.1"
"SL.TLF.ACTI.FE.ZS","UMC",2014,60.3,"8.5.1"
"SL.TLF.ACTI.FE.ZS","UMC",2015,60.5,"8.5.1"
"SL.TLF.ACTI.FE.ZS","UMC",2016,60.7,"8.5.1"
"SL.TLF.ACTI.FE.ZS","NAC",2010,67.8,"8.5.1"
"SL.TLF.ACTI.FE.ZS","UMC",2017,60.8,"8.5.1"
"SL.TLF.ACTI.FE.ZS","NAC",2011,67.3,"8.5.1"
"SL.TLF.ACTI.FE.ZS","UMC",2018,61,"8.5.1"
"SL.TLF.ACTI.FE.ZS","NAC",2012,67.2,"8.5.1"
"SL.TLF.ACTI.FE.ZS","UMC",2019,61.2,"8.5.1"
"SL.TLF.ACTI.FE.ZS","NAC",2013,66.9,"8.5.1"
"SL.TLF.ACTI.FE.ZS","UMC",2020,59.1,"8.5.1"
"SL.TLF.ACTI.FE.ZS","NAC",2014,66.8,"8.5.1"
"SL.TLF.ACTI.FE.ZS","UMC",2021,60.7,"8.5.1"
"SL.TLF.ACTI.FE.ZS","NAC",2015,66.6,"8.5.1"
"SL.TLF.ACTI.FE.ZS","UMC",2022,60.7,"8.5.1"
"SL.TLF.ACTI.FE.ZS","NAC",2016,67,"8.5.1"
"SL.TLF.ACTI.FE.ZS","UMC",2023,61.1,"8.5.1"
"SL.TLF.ACTI.FE.ZS","NAC",2017,67.6,"8.5.1"
"SL.TLF.ACTI.FE.ZS","UMC",2024,60.9,"8.5.1"
"SL.TLF.ACTI.FE.ZS","NAC",2018,67.8,"8.5.1"
"SL.TLF.ACTI.FE.ZS","UMC",2025,60.7,"8.5.1"
